00000128.jpg,downdog,196.7660215,180.9092506,176.1059383,194.7871637,182.1015372,172.3821343
00000129.jpg,downdog,196.8663924,185.454891,186.3966048,178.9808969,179.1620775,174.1699112
00000130.jpg,downdog,192.6461844,188.2792926,190.7601946,173.6701624,151.5606684,142.089993
00000131.jpg,downdog,191.4173524,183.3255869,182.7875518,188.0385359,174.1877055,172.539449
00000132.png,downdog,163.6412731,159.9890524,163.6867627,198.7582793,184.2341306,192.1658914
00000133.jpg,downdog,193.3044068,179.3437147,180.0110955,186.3096474,184.7930993,179.0148176
00000134.jpg,downdog,196.6155426,180.4598043,187.2404328,178.9649996,176.7168573,170.967338
00000135.jpg,downdog,210.027181,242.4336787,150.9322485,180.1948207,168.597217,176.0300184
00000137.jpg,downdog,202.6245608,180.2238493,189.2636884,185.0813402,178.3989324,173.3391478
00000138.jpg,downdog,191.3393185,172.3830408,168.1826211,197.9735797,187.3089218,177.9393926
00000139.jpg,downdog,203.170599,172.2804105,182.5192529,194.7765865,174.5145401,162.9864377
00000140.jpg,downdog,194.5178636,182.1578612,183.5914014,183.5573956,179.7586065,174.3801528
00000142.jpg,downdog,231.2563085,205.5717817,205.8455677,163.1952979,176.0490573,172.6220014
00000143.jpg,downdog,200.4621546,178.9016438,210.2737878,164.0233977,178.7192783,174.547653
00000144.jpg,downdog,162.8940218,166.0663614,180.0359574,181.8012951,183.6330599,192.4495651
00000145.jpg,downdog,199.7735058,181.1674344,192.8832594,179.4101752,180.6058865,173.949063
00000146.jpg,downdog,187.686212,187.3690328,162.8616876,199.2934242,183.164267,185.4807866
00000150.jpg,downdog,193.6542355,185.4696892,190.7561961,177.0655707,182.905645,180.791997
00000151.jpg,downdog,151.9161932,166.5398565,182.593923,174.465329,183.4357662,186.9308398
00000152.jpg,downdog,196.7205686,187.7795823,211.8718625,150.5981119,178.1318979,170.8114878
00000153.jpg,downdog,149.5786562,151.807431,164.7326752,207.1464055,190.5789888,191.243354
00000154.jpg,downdog,197.5474745,186.8802272,196.6821157,172.6875817,173.6913079,166.7990846
00000155.jpg,downdog,162.4778217,163.4763333,176.0062438,189.7073777,205.3044474,213.6270828
00000156.jpg,downdog,190.295486,192.8788161,172.3061133,185.9279761,166.5230454,162.3676587
00000158.jpg,downdog,199.7735058,181.1674344,192.8832594,179.4101752,180.6058865,173.949063
00000159.jpg,downdog,196.7205686,187.7795823,211.8718625,150.5981119,178.1318979,170.8114878
00000160.jpg,downdog,197.5474745,186.8802272,196.6821157,172.6875817,173.6913079,166.7990846
00000161.jpg,downdog,187.686212,187.3690328,162.8616876,199.2934242,183.164267,185.4807866
00000162.jpg,downdog,151.9161932,166.5398565,182.593923,174.465329,183.4357662,186.9308398
00000163.jpg,downdog,149.5786562,151.807431,164.7326752,207.1464055,190.5789888,191.243354
00000164.jpg,downdog,162.4778217,163.4763333,176.0062438,189.7073777,205.3044474,213.6270828
00000165.jpg,downdog,190.295486,192.8788161,172.3061133,185.9279761,166.5230454,162.3676587
00000166.jpg,downdog,193.6542355,185.4696892,190.7561961,177.0655707,182.905645,180.791997
00000170.jpg,downdog,203.1858584,186.2601529,185.4028357,182.8927624,181.0907201,178.0359296
00000172.jpg,downdog,161.0889665,168.3462342,192.1059725,166.1020855,191.7175375,201.4786704
00000174.jpg,downdog,157.1644708,161.6107016,198.8134484,174.3894757,271.8566252,268.67994
00000175.jpg,downdog,188.0383121,187.7539592,182.7661557,182.5887683,171.2488753,164.9722776
00000176.jpg,downdog,189.3683102,176.7528126,175.0016003,194.1802463,183.5772649,176.8949274
00000177.jpg,downdog,149.0671193,129.5757141,155.7300425,218.7896076,209.8244202,210.7744895
00000179.jpg,downdog,191.2636155,173.2060385,165.5879704,205.4428888,178.1713318,170.5115284
00000180.jpg,downdog,148.7875236,160.4295443,183.900802,173.3692653,185.0662293,186.1786345
00000181.bmp,downdog,168.6446444,172.3535135,189.8506981,164.2413079,191.3172502,189.8045376
00000182.jpg,downdog,195.2456173,189.8692023,293.7941789,73.23481586,71.38015159,95.7156823
00000183.jpg,downdog,199.4323484,180.9168825,170.1543972,198.9152617,184.807383,180.0882457
00000186.png,downdog,157.2256987,164.352692,169.6664535,186.8002548,184.326428,182.5871586
00000187.jpg,downdog,197.0525941,187.1405232,193.1779215,170.1131746,179.2919895,176.2693905
00000189.jpg,downdog,194.7652981,197.8924459,197.4009212,162.7727038,161.1645348,167.31158
00000197.jpg,downdog,202.1249446,185.487859,202.6657695,171.1919949,175.483185,171.3642863
00000198.png,downdog,165.6298482,163.7212747,160.6284445,201.9901276,180.1905736,182.3927454
00000199.jpg,downdog,148.7875236,160.4295443,183.900802,173.3692653,185.0662293,186.1786345
00000200.jpg,downdog,199.434048,181.7560081,180.9728406,190.7331863,177.9526116,175.5356772
00000201.jpg,downdog,191.2636155,173.2060385,165.5879704,205.4428888,178.1713318,170.5115284
00000203.png,downdog,157.2256987,164.352692,169.6664535,186.8002548,184.326428,182.5871586
00000204.jpg,downdog,198.0542047,193.4674256,225.960256,138.1717732,169.4530574,172.5300985
00000206.jpg,downdog,194.2875478,194.7454379,196.933753,164.2685751,171.5912195,172.2662669
00000208.jpg,downdog,162.9715683,164.6173358,63.24693629,297.0625094,185.0923208,186.2214715
00000209.jpg,downdog,196.7410227,180.634787,178.5399952,192.214944,182.7270715,177.9465404
00000210.jpg,downdog,172.1670582,147.9788451,151.6103031,211.4119178,182.810392,194.3821028
00000213.jpg,downdog,191.9465679,182.1170624,186.2591069,180.2668719,176.2371209,168.6469259
00000214.jpg,downdog,161.9719653,166.5806781,183.5499143,181.3258564,185.8027329,191.0587768
00000215.jpg,downdog,189.8960381,169.1012683,166.9181673,20.5990387,194.0107364,180.6130292
00000217.jpg,downdog,187.084582,176.218292,168.4656159,202.45296,184.2882623,177.8498069
00000218.jpg,downdog,182.1000945,179.5461735,160.9843828,193.1113059,178.2486234,175.1366462
00000219.jpg,downdog,209.0168856,204.6601815,305.682438,58.52983037,90.01805297,108.3485075
00000220.jpg,downdog,177.2222909,191.703634,54.58929381,298.8026134,140.9002544,143.0181704
00000222.jpg,downdog,194.4278816,188.1692946,190.2555111,177.0859906,185.0964902,180.8268162
00000224.jpg,downdog,175.7711095,175.0179271,305.0026932,61.97236399,259.5883301,253.9733283
00000225.jpg,downdog,80.66520082,125.409051,132.1315743,205.4206862,180.5313762,183.3818443
00000226.JPG,downdog,167.9108689,153.8080234,185.8498406,197.9341293,184.4191811,190.9087829
00000227.jpg,downdog,206.8464465,206.3529682,213.2503134,142.4994862,173.4379237,170.6347324
00000228.png,downdog,161.0280056,164.0432792,173.6478854,191.5666486,179.9706632,177.4654512
00000229.jpg,downdog,162.5041074,161.9478796,169.9224122,193.2933848,185.456506,195.4958942
00000230.jpg,downdog,163.1617288,161.6526088,171.9225057,196.9054103,185.1594837,182.7414291
00000232.jpg,downdog,177.2222909,191.703634,54.58929381,298.8026134,140.9002544,143.0181704
00000233.jpg,downdog,80.66520082,125.409051,132.1315743,205.4206862,180.5313762,183.3818443
00000235.jpg,downdog,175.7711095,175.0179271,305.0026932,61.97236399,259.5883301,253.9733283
00000236.JPG,downdog,167.9108689,153.8080234,185.8498406,197.9341293,184.4191811,190.9087829
00000237.jpg,downdog,194.4278816,188.1692946,190.2555111,177.0859906,185.0964902,180.8268162
00000238.jpg,downdog,206.8464465,206.3529682,213.2503134,142.4994862,173.4379237,170.6347324
00000240.jpg,downdog,162.5041074,161.9478796,169.9224122,193.2933848,185.456506,195.4958942
00000241.jpg,downdog,195.208295,188.3876273,196.4288227,169.5101407,178.6325397,174.5503626
00000242.png,downdog,161.0280056,164.0432792,173.6478854,191.5666486,179.9706632,177.4654512
00000243.jpg,downdog,203.3922668,195.8652915,246.012033,123.7236977,164.832456,165.3948779
00000244.jpg,downdog,168.0566273,166.8133186,150.9407765,207.4981116,197.2197883,194.2294796
00000245.png,downdog,156.1397948,154.548097,157.4740637,207.7077253,238.8366392,249.608588
00000246.jpg,downdog,113.9980869,120.3683436,160.1597619,203.6266342,187.288395,185.8438701
00000247.jpg,downdog,195.2621776,186.8545653,192.6691678,174.0256696,179.1273149,170.4914385
00000248.jpg,downdog,198.7508921,181.933441,194.5155744,177.3702043,174.5737281,166.4154388
00000250.jpg,downdog,224.9006682,209.9432865,197.646155,169.0266436,179.4733102,174.4713179
00000251.jpg,downdog,181.3041169,164.4623453,188.9200008,180.7785864,201.6440199,191.8162821
00000254.jpg,downdog,189.7768268,206.7995046,188.1057778,167.313886,175.1973253,171.6372093
00000255.jpg,downdog,142.2955847,140.9709374,81.76792875,279.9277893,266.2398474,269.3346184
00000258.jpg,downdog,164.725104,168.7671943,168.3316266,186.9399345,185.5815581,199.4745075
00000263.jpg,downdog,157.0882856,167.0892081,177.0722238,179.2907556,186.4710674,193.2906812
00000264.jpg,downdog,194.3701704,174.0061818,179.3309062,200.1818047,182.6635228,174.7676074
00000266.jpg,downdog,155.4979474,164.3421135,170.0173394,187.6043627,182.605326,182.2182019
00000268.jpg,downdog,193.7995437,189.6293219,201.5958702,163.6353632,134.5046956,132.6390514
00000272.jpg,downdog,194.3701704,174.0061818,179.3309062,200.1818047,182.6635228,174.7676074
00000274.jpg,downdog,196.1774084,191.5847607,176.5799071,182.017143,208.8818201,179.5609227
00000276.jpg,downdog,155.4979474,164.3421135,170.0173394,187.6043627,182.605326,182.2182019
00000277.jpg,downdog,165.5005674,170.0059022,182.1093198,173.440789,188.6332645,181.7833407
00000278.jpg,downdog,194.5361116,178.5399723,185.5340231,183.6003007,181.2229871,170.9776448
00000279.jpg,downdog,193.7995437,189.6293219,201.5958702,163.6353632,134.5046956,132.6390514
00000280.jpg,downdog,133.380462,127.3847366,175.5643572,188.2466832,184.7245214,184.3621532
00000283.jpg,downdog,193.340573,196.6557009,197.1993978,163.6191785,176.0384664,181.7317438
00000284.jpg,downdog,167.5824549,162.067739,152.9224611,210.437811,184.8587194,188.3102545
00000285.jpg,downdog,157.8661937,165.8693586,166.1338539,192.6240158,184.4595876,187.1063049
00000287.png,downdog,162.30152,165.5963942,172.7319291,184.1850158,180.644643,183.4780342
00000288.jpg,downdog,196.7870496,178.5081836,189.7498169,182.4039882,182.6585387,179.1726877
00000289.jpg,downdog,189.1864141,195.7118095,196.2117304,155.5828963,164.6118049,152.7643977
00000290.png,downdog,210.1807107,187.6503657,191.8193864,181.0925773,180.5055394,174.9596429
00000291.jpg,downdog,217.8285594,200.4378832,207.5803548,165.7671138,174.4283771,174.9233287
00000292.jpg,downdog,182.2916911,184.6078741,170.0779119,189.9295636,187.0027851,176.9915851
00000293.jpg,downdog,201.262096,194.4305991,204.1160406,160.8196441,179.0597399,178.3069817
00000294.jpg,downdog,168.8099814,159.1960882,168.7092068,191.5251741,181.2934178,188.7149325
00000295.jpg,downdog,194.0044477,188.7483099,192.0143915,177.221647,172.9307898,170.0917709
00000297.jpg,downdog,200.1565221,181.5235008,192.6824221,173.0216821,193.669706,169.0513942
00000298.jpg,downdog,156.0535087,133.6393745,132.8496386,241.4990849,231.7863002,225.1594916
00000299.jpg,downdog,159.9796742,156.3830929,164.3873325,196.8662336,183.6386864,187.8281582
00000301.jpg,downdog,153.0503534,164.5916309,185.7524987,174.5169357,182.9262153,183.587747
00000303.jpg,downdog,163.8016993,161.3470034,176.2786615,187.7981037,182.7136998,183.7094773
00000304.jpg,downdog,191.9049452,187.5008308,195.6315338,172.9824007,179.5484783,176.9502696
00000305.png,downdog,158.1047737,197.8057705,350.8118003,327.6091601,181.9340516,178.1797691
00000306.jpg,downdog,166.9969186,166.830073,196.9853772,163.631967,188.5713853,192.5122341
00000308.jpg,downdog,199.7246415,183.0560511,186.3671622,182.9556872,183.6495828,175.0176727
00000309.jpg,downdog,159.9796742,156.3830929,164.3873325,196.8662336,183.6386864,187.8281582
00000310.png,downdog,150.0250869,152.7761792,177.5393582,181.5098544,189.4298294,196.1173658
00000312.jpg,downdog,153.0503534,164.5916309,185.7524987,174.5169357,182.9262153,183.587747
00000314.jpg,downdog,163.8016993,161.3470034,176.2786615,187.7981037,182.7136998,183.7094773
00000315.jpg,downdog,191.9049452,187.5008308,195.6315338,172.9824007,179.5484783,176.9502696
00000316.jpg,downdog,166.9969186,166.830073,196.9853772,163.631967,188.5713853,192.5122341
00000319.jpg,downdog,162.2431672,174.8872059,178.4354722,173.3303284,179.5988532,184.9471618
00000320.jpg,downdog,251.4548874,210.4200179,164.7736137,238.4190681,173.4369981,177.3657812
00000323.jpg,downdog,158.8581637,157.8275017,159.6019327,199.7972241,187.2843743,194.7815819
00000324.jpg,downdog,199.7246415,183.0560511,186.3671622,182.9556872,183.6495828,175.0176727
00000325.jpg,downdog,165.4984089,163.0724336,178.8730566,189.2387881,184.6386032,194.1708766
00000326.jpg,downdog,166.5716068,164.5131626,167.3965307,192.2638427,188.4307596,196.639832
00000327.jpg,downdog,246.1334903,224.31744,222.975654,133.5410981,164.918579,173.8289895
00000328.jpg,downdog,160.43958,162.6926091,156.0699146,202.8929413,187.3997755,195.921649
00000329.jpg,downdog,203.1800357,185.9138608,205.0440163,166.037396,177.7471886,171.3351094
00000330.jpg,downdog,11.36579509,183.2594273,356.1985339,207.6382223,162.2870031,165.9546547
00000331.jpg,downdog,196.9279255,191.4728306,189.433506,168.6202435,157.2117714,171.2700205
00000332.jpg,downdog,241.0384728,219.7537131,204.4859451,163.1016616,170.358744,175.0709333
00000333.jpg,downdog,213.8202596,182.3337961,202.3560188,350.7564544,211.2040037,169.4773619
00000334.jpg,downdog,155.9892111,157.1824977,175.2484073,190.327015,180.8887788,184.8102561
00000335.jpg,downdog,195.5374073,187.0032886,188.9563185,177.4735468,177.3958965,173.2544637
00000337.jpg,downdog,322.6537383,199.1927595,206.6214133,231.6520365,168.2221344,179.2870719
00000338.jpg,downdog,195.2121198,189.1307378,205.5589367,160.3842869,179.3591335,178.3742188
00000340.jpg,downdog,143.6305064,181.8523784,67.85563129,193.5817712,191.929438,193.4207152
00000341.jpg,downdog,197.5525294,182.0085738,201.5690139,167.8972535,169.8614271,169.4415283
00000342.jpg,downdog,147.9908566,159.9627191,184.3208752,174.0884342,187.0255305,188.9291705
00000343.jpg,downdog,198.0279718,181.209611,179.6361948,190.9240791,183.1625663,175.4525451
00000344.jpg,downdog,190.4409966,183.3205994,183.7399874,180.8549783,176.5115564,175.1360289
00000345.png,downdog,195.563589,188.852404,189.4978803,176.3463851,164.6546751,163.9544644
00000346.jpg,downdog,188.6326435,180.7722081,188.3383556,178.381049,186.3236482,178.6672068
00000347.jpg,downdog,196.4740229,186.4336808,186.5925274,178.9108238,175.937755,163.3204874
00000348.jpg,downdog,178.9060325,158.4695234,173.0941021,196.4341889,231.7133569,154.9815865
00000349.png,downdog,197.0783544,189.37003,193.2699492,170.3794912,181.5195177,181.4352819
00000351.png,downdog,197.0783544,189.37003,193.2699492,170.3794912,181.5195177,181.4352819
00000352.png,downdog,144.5203413,120.7570539,170.8538315,226.7132846,195.2995157,186.0248574
00000353.jpg,downdog,231.4332277,226.5391608,210.839642,153.8964023,129.9320477,130.791426
00000354.jpg,downdog,94.3376837,164.9996524,161.5154973,202.9553512,166.4310868,168.7934566
00000355.jpg,downdog,223.3313636,216.2836297,211.927372,127.4754903,119.7389986,85.8382137
00000356.jpg,downdog,195.7264325,189.1874874,211.0572062,152.7311765,173.0439912,169.6886202
00000357.jpg,downdog,161.401665,169.1082901,187.9466279,169.949981,187.2786975,193.8858835
00000358.jpg,downdog,195.9264203,177.0118727,183.5132519,187.3713349,183.5601421,178.7009208
00000360.jpg,downdog,179.7866243,184.3493519,148.5226326,210.8225797,183.5117221,178.6198083
00000362.jpg,downdog,156.7152772,151.9412605,104.3175373,188.6316855,195.1905021,198.6839038
00000365.jpg,downdog,196.8054124,187.1738065,197.9255052,167.5722497,170.9126541,160.4478605
00000366.png,downdog,192.0209045,190.2883272,194.5213721,166.2572362,176.157868,176.459218
00000369.png,downdog,195.2209366,172.7111775,177.3032258,194.1636897,188.2161857,173.6798394
00000370.jpg,downdog,164.5659414,169.4733132,173.9018336,185.0896571,197.439008,204.0745169
00000372.jpg,downdog,189.9819244,189.4987523,182.8003988,181.6757489,170.11543,164.7786025
00000375.jpg,downdog,195.1192975,186.7862111,180.6958269,184.4439566,183.717641,178.7541826
00000376.jpg,downdog,166.502185,154.9829155,160.3503836,203.3739476,186.2486968,187.0578605
00000377.jpg,downdog,197.1692864,188.6310909,186.3311104,177.3987564,181.8301218,177.1436841
00000378.jpg,downdog,154.1695453,152.4640608,175.9727758,188.7761297,197.970057,200.5454787
00000379.png,downdog,188.2146847,186.1031069,190.6483061,173.1554437,180.0622458,179.7579682
00000382.jpg,downdog,194.0132307,184.909909,189.0205497,179.6208897,181.9706665,178.3984572
00000385.png,downdog,166.0592091,171.5176526,188.2716561,166.5198886,186.3445337,193.5128622
00000388.png,downdog,166.0592091,171.5176526,188.2716561,166.5198886,186.3445337,193.5128622
00000391.jpg,downdog,154.56385,154.4793305,173.9621179,193.853909,181.5827345,178.5324497
00000392.jpg,downdog,164.9557897,165.1341625,168.1101408,195.3628004,186.2031432,186.6594614
00000393.jpg,downdog,183.4367674,181.1444221,171.503663,189.061581,185.0666358,179.4684138
00000394.jpg,downdog,164.9615691,173.337924,199.5304133,163.2227733,188.5089536,188.4964982
00000403.jpg,downdog,188.0662444,176.7567713,162.1398808,207.0341913,187.3592537,181.426946
00000404.jpg,downdog,241.2496551,212.4094752,204.3822349,167.1706277,172.4650912,175.5919982
00000406.jpg,downdog,208.2980389,193.1173333,193.6322453,170.998207,173.7863626,171.1242881
00000408.jpg,downdog,190.6302539,184.6917774,196.6892701,166.2697012,174.8035457,175.6686275
00000409.jpg,downdog,166.6613487,164.930566,169.0171674,190.9768023,186.2442483,190.8559855
00000412.jpg,downdog,199.0906478,180.8240695,170.5217522,197.266862,176.2509203,172.5068894
00000414.jpg,downdog,154.8389009,164.0244975,157.9192882,194.716092,192.8062874,201.98459
00000415.jpg,downdog,187.3802118,227.5356551,167.8809301,133.0659035,179.6975607,119.4118476
00000416.jpg,downdog,187.6282767,175.7746419,175.68392,196.1532827,174.7190983,174.7851611
00000417.jpg,downdog,165.4882973,165.595815,181.5860023,180.2206355,190.7385165,196.4187876
00000419.jpg,downdog,154.7301664,162.0397817,176.559022,189.7215357,187.3641731,174.939745
00000420.jpg,downdog,190.5322229,180.7519473,185.362897,181.5690852,184.669506,178.7539309
00000422.jpg,downdog,163.5668701,165.7147727,166.5077467,194.7600538,195.2387656,199.6294821
00000423.jpg,downdog,194.574772,183.8604611,182.4280864,185.7570636,177.8575709,171.7545396
00000425.jpg,downdog,152.0718043,161.2379135,181.6809043,182.3538091,190.6517181,189.1525677
00000426.jpg,downdog,158.945551,169.1009951,188.1561352,171.7638943,188.3699921,186.4082127
00000427.jpg,downdog,189.1543112,193.1623473,181.8814803,172.5686254,157.41255,159.0262743
00000096.jpg,goddess,315.7992207,44.92137988,45.85453343,31.02398694,245.5670815,121.6080843
00000097.jpg,goddess,299.7528008,3.060172288,342.7678349,45.21033374,244.5725122,98.78378599
00000100.jpg,goddess,181.3675256,157.2814314,343.7302852,32.21575265,246.1006218,93.07405239
00000101.jpg,goddess,31.74070734,324.7765409,42.59385216,47.96471415,271.3821515,83.25292233
00000102.jpg,goddess,120.4095415,252.6427615,99.38959981,97.24636442,257.8243054,119.5604586
00000103.png,goddess,274.8217494,13.07963455,341.9262939,41.62985229,220.6461227,120.4470935
00000104.jpeg,goddess,88.23320199,284.0341367,83.00194679,85.22648701,240.5081663,120.9065064
00000105.jpg,goddess,313.0075743,46.52458041,40.04523522,36.79251682,222.5480508,126.8015304
00000106.jpg,goddess,101.0616547,253.4163172,102.1197207,99.38995543,230.3836407,133.8048753
00000107.jpg,goddess,111.3417158,255.5411856,69.52196728,70.76576223,271.4762565,130.4881958
00000108.jpg,goddess,145.395814,206.7247072,33.92375747,24.99664648,268.5393354,101.8877535
00000111.jpg,goddess,207.3720535,186.9353022,337.0763371,36.81403492,252.3396676,97.21819536
00000112.jpg,goddess,275.2504823,89.23754722,280.203778,277.1108198,121.3740481,232.1105807
00000113.jpg,goddess,202.3063006,177.4890857,344.4444863,16.60441655,192.6933251,128.9790411
00000114.jpg,goddess,172.4069764,195.0303347,96.32564777,88.81181035,249.0607042,130.0220665
00000115.jpg,goddess,185.8196176,197.3996251,106.3019188,90.73214602,267.9107118,125.1213423
00000117.jpg,goddess,144.4201064,203.7809813,49.64357159,30.19723976,318.9679667,50.77509504
00000119.jpg,goddess,113.5351767,270.5889848,105.2789879,97.13352504,239.4358487,163.9501646
00000120.jpg,goddess,207.3720535,186.9353022,337.0763371,36.81403492,252.3396676,97.21819536
00000121.jpg,goddess,244.3593431,111.8965926,269.2061918,253.786719,109.4976727,261.5035823
00000123.png,goddess,160.3131168,189.3151873,168.763218,182.1616378,248.1640652,164.3642954
00000124.jpg,goddess,322.1398221,44.65868925,39.30550168,39.12449061,224.714406,131.7081437
00000125.jpg,goddess,111.3417158,255.5411856,69.52196728,70.76576223,271.4762565,130.4881958
00000126.JPG,goddess,91.10452475,261.3108823,102.1382918,100.2903235,214.8441287,140.8765308
00000128.jpg,goddess,66.37465173,289.8727266,79.6326701,73.85378641,232.3673993,144.1173611
00000129.jpg,goddess,325.7951467,42.64750569,11.10235271,8.103598819,234.4525622,123.4192137
00000130.jpg,goddess,98.35578104,264.1177232,97.02927607,97.01798974,228.8176707,135.8350617
00000132.jpg,goddess,98.29935637,266.9392393,99.12552353,100.2656542,226.0039775,138.6632213
00000134.jpg,goddess,71.14388191,283.6393605,95.29653619,82.76883495,241.9574925,119.3693327
00000135.jpeg,goddess,118.8195388,242.2435502,117.6756988,118.9001852,266.4578155,109.5851623
00000136.jpg,goddess,166.275499,189.1791658,156.1885831,161.3751422,245.7106666,135.4357876
00000137.jpg,goddess,102.142887,249.3690168,86.0094704,92.23549936,287.7706592,81.00161766
00000141.jpg,goddess,160.1689208,196.562383,22.06854361,12.07272928,316.2661426,51.56844431
00000142.jpg,goddess,203.0648848,192.9611051,67.3207838,350.4481552,194.4840157,50.50754516
00000143.jpg,goddess,202.3063006,177.4890857,344.4444863,16.60441655,192.6933251,128.9790411
00000145.jpg,goddess,160.1769045,199.4561576,22.81105743,16.48945122,240.166887,119.7077058
00000150.jpg,goddess,110.2895091,263.6521263,100.6850421,92.62611719,190.7599487,170.4713269
00000154.jpg,goddess,79.22360078,280.267652,77.30110655,77.82924569,248.0786577,128.7887227
00000155.jpg,goddess,94.62198853,257.5434012,88.36487437,94.11907689,249.1016878,121.7013382
00000157.png,goddess,219.5840444,169.4549821,226.7913082,204.1419191,120.9295887,242.3276657
00000160.jpg,goddess,102.10284,267.9142189,63.91430577,64.84280247,246.9592602,126.4085483
00000163.jpg,goddess,110.2895091,263.6521263,100.6850421,92.62611719,190.7599487,170.4713269
00000164.jpg,goddess,108.2868553,266.6621335,107.0126098,96.63744905,243.8888825,121.9863858
00000169.jpg,goddess,181.4620151,176.0515432,248.857318,226.779864,146.003442,229.2868526
00000171.jpg,goddess,102.2954397,255.1766439,104.5712525,104.0640165,236.3074579,143.551735
00000172.jpg,goddess,324.2067411,38.58620229,13.83157442,13.98499483,241.1006379,116.9736687
00000173.jpg,goddess,161.3948065,318.9516271,120.4164607,63.63744586,260.5044891,176.348762
00000176.jpg,goddess,82.10724299,281.5886468,79.88814431,84.76223144,241.6885408,115.6017849
00000177.jpg,goddess,71.99647602,285.0444315,86.87576034,85.84854784,237.7607918,134.6056261
00000178.jpg,goddess,173.4826214,191.5030483,32.11795349,24.25714734,256.7239953,112.809782
00000181.jpg,goddess,246.493417,105.6909764,270.3334393,270.1700358,124.0015467,245.8958127
00000182.jpg,goddess,181.7470035,178.1207189,260.6933884,262.9184818,147.5137003,231.4226392
00000183.jpg,goddess,121.1248264,251.1297176,78.43360894,54.23080178,229.8169198,140.5129995
00000184.jpg,goddess,277.7305985,129.019512,286.8915897,256.6226562,168.9526953,209.5525285
00000188.jpg,goddess,110.4198566,245.7773351,104.8204546,106.1865969,225.5796948,143.2256375
00000190.jpg,goddess,320.7132877,32.90457442,38.19024202,13.40290349,356.908773,345.1094452
00000191.jpg,goddess,91.80689755,276.5640258,84.08308513,86.18858911,239.387643,124.3282205
00000192.jpg,goddess,151.1336168,218.6457235,20.90444333,14.51752455,339.5875782,25.01730736
00000193.png,goddess,243.1066704,79.64850968,270.8061255,289.8734725,288.5033836,22.05368646
00000197.jpg,goddess,72.80670052,192.8436928,14.46530071,30.92069836,177.951958,202.881082
00000198.jpg,goddess,110.4198566,245.7773351,104.8204546,106.1865969,225.5796948,143.2256375
00000202.jpg,goddess,91.80689755,276.5640258,84.08308513,86.18858911,239.387643,124.3282205
00000204.jpg,goddess,165.9795078,185.9983518,26.1098439,17.05752171,338.6408153,36.18090387
00000205.jpg,goddess,310.358931,52.97831008,31.47012172,26.94711843,246.1183766,119.2871178
00000206.jpg,goddess,67.89277202,292.0065112,54.97677376,53.27310501,227.651234,128.5192448
00000207.jpg,goddess,303.4575507,53.64423415,31.07581434,25.55984493,257.7746792,108.2471531
00000209.jpg,goddess,104.551494,265.5773482,64.42942833,53.99728567,238.3469954,125.8303387
00000210.jpg,goddess,350.7152272,55.96932832,20.05945892,0.831521451,239.83221,151.9198085
00000211.jpg,goddess,250.6049452,102.5315832,51.47104865,51.249687,230.8080123,126.944128
00000212.jpg,goddess,151.4464445,228.3823774,101.0289928,95.27981046,210.3112708,141.855915
00000216.jpg,goddess,268.0572376,46.89913314,38.55340052,26.27532982,255.2338081,107.7698408
00000217.jpg,goddess,65.44938323,290.3060893,85.09988424,86.42612153,242.3744883,113.4300353
00000219.jpg,goddess,310.9938365,51.43826399,47.45689671,24.61901108,253.1356154,129.135701
00000222.jpg,goddess,89.00626399,257.3940918,102.223693,94.22382655,253.9059622,130.41777
00000223.jpg,goddess,324.5311936,44.05560026,35.06170576,31.75637434,253.5598991,108.8766313
00000224.jpg,goddess,162.1285874,160.655784,186.2924959,44.96223922,213.9907173,105.9748962
00000226.jpg,goddess,229.9301916,324.9351821,304.94446,36.37144946,134.3553069,110.1953678
00000228.jpg,goddess,133.8475182,251.4369977,126.0388693,102.1272556,244.0643256,123.7107589
00000229.jpg,goddess,91.33531712,277.7193774,83.49831746,88.08681831,246.6767811,128.679661
00000230.jpg,goddess,150.234066,208.8424994,34.29368582,28.92233673,271.3693581,80.6753752
00000231.jpg,goddess,82.07828875,287.4571312,86.51751266,85.26673362,262.7854115,100.5970351
00000233.jpg,goddess,111.0513945,248.7277895,104.4270968,106.3035969,236.1555061,145.8864901
00000235.jpg,goddess,173.2486431,189.1440625,196.6143211,203.0791022,247.2630805,102.6783597
00000237.jpg,goddess,307.6339777,46.58891877,37.85709044,31.20638492,247.7214146,122.2114562
00000239.jpg,goddess,324.5311936,44.05560026,35.06170576,31.75637434,253.5598991,108.8766313
00000242.jpg,goddess,133.8475182,251.4369977,126.0388693,102.1272556,244.0643256,123.7107589
00000243.jpg,goddess,229.9301916,324.9351821,304.94446,36.37144946,134.3553069,110.1953678
00000244.jpg,goddess,91.33531712,277.7193774,83.49831746,88.08681831,246.6767811,128.679661
00000245.jpg,goddess,150.234066,208.8424994,34.29368582,28.92233673,271.3693581,80.6753752
00000246.jpg,goddess,185.6724505,185.4732171,13.77170742,351.3796734,69.60345017,83.09162889
00000247.jpg,goddess,82.07828875,287.4571312,86.51751266,85.26673362,262.7854115,100.5970351
00000250.jpg,goddess,173.2486431,189.1440625,196.6143211,203.0791022,247.2630805,102.6783597
00000251.jpg,goddess,307.6339777,46.58891877,37.85709044,31.20638492,247.7214146,122.2114562
00000255.jpg,goddess,163.8485123,184.3486159,157.8436318,157.8638144,241.4145605,131.4285819
00000258.jpg,goddess,62.42081232,302.5008825,94.77992283,86.28643277,245.6120456,124.3828254
00000262.jpg,goddess,225.0156292,192.7884447,23.99596378,11.86404141,242.4120502,98.85307725
00000263.jpg,goddess,156.8316795,193.6453974,180.6607303,185.1980904,174.9644034,185.0473828
00000264.jpg,goddess,300.7811266,77.52415658,16.71351083,32.85385945,250.2578189,111.5211114
00000265.jpg,goddess,333.3561981,51.86987033,23.00072684,15.55413771,262.2661323,115.8415377
00000266.jpg,goddess,329.4089777,43.20587993,26.53811335,29.42791233,240.349706,128.8199813
00000269.jpg,goddess,80.30302998,280.4640536,83.94721925,82.87804364,242.3556673,133.796455
00000270.jpg,goddess,247.0121348,112.9933022,29.78071023,35.24856545,257.0598155,112.7166123
00000271.jpg,goddess,225.5702107,155.1783432,231.028736,218.1773548,138.2691386,171.9949026
00000274.jpg,goddess,155.0975197,191.9637129,185.0851763,187.9526174,263.6371835,113.4592503
00000276.jpg,goddess,167.8298503,191.2059487,185.0487574,193.4660314,189.3825508,176.0402149
00000277.jpg,goddess,180.6531593,179.4479304,179.3555075,191.2932425,242.4520447,188.2404964
00000278.png,goddess,311.0410823,43.87830425,35.57750114,40.91135332,229.1041145,132.0349624
00000280.jpg,goddess,80.30302998,280.4640536,83.94721925,82.87804364,242.3556673,133.796455
00000281.jpg,goddess,155.0975197,191.9637129,185.0851763,187.9526174,263.6371835,113.4592503
00000285.jpg,goddess,225.5702107,155.1783432,231.028736,218.1773548,138.2691386,171.9949026
00000286.jpg,goddess,247.0121348,112.9933022,29.78071023,35.24856545,257.0598155,112.7166123
00000289.png,goddess,311.0410823,43.87830425,35.57750114,40.91135332,229.1041145,132.0349624
00000290.jpg,goddess,98.17888127,275.3733322,85.45249118,88.66582586,239.2350018,137.2797173
00000292.jpg,goddess,294.5420943,73.60957413,22.25095549,19.32852462,240.9570007,132.2695872
00000296.jpg,goddess,79.22239377,284.4133084,78.80640583,91.32632106,223.8125769,138.1960395
00000298.jpg,goddess,110.4072254,241.9349775,104.1727011,96.70188552,210.1249589,150.1063806
00000301.JPG,goddess,270.502844,88.226282,276.6941356,273.1967207,139.1242538,219.3973818
00000302.jpg,goddess,319.6655063,43.83320578,28.01576575,31.80874001,241.0062629,125.5976843
00000303.jpg,goddess,111.2892558,255.2707867,88.1463305,89.38489302,235.2044726,131.4402409
00000304.jpg,goddess,350.8171743,23.25331603,57.34143724,53.91931836,257.3842416,118.7458248
00000307.jpg,goddess,245.361629,141.5007498,20.50258305,13.38545006,296.1874407,43.5174205
00000308.jpg,goddess,346.2567256,50.95947491,18.21429044,355.9407267,239.0357393,121.5103175
00000310.jpg,goddess,114.8137733,252.9676913,108.9255405,104.1796136,252.9016835,127.8085722
00000313.jpg,goddess,176.2395052,72.29502017,2.378362049,23.08324206,249.968811,147.5283457
00000315.jpg,goddess,147.6975437,149.1887951,154.4052623,335.8817763,219.9771222,266.1309515
00000316.jpg,goddess,186.4146551,190.0014065,32.67585751,347.9336402,28.66822891,39.37115119
00000317.jpg,goddess,65.64095014,290.1003674,82.53695569,83.00500836,234.836514,118.5336269
00000318.jpg,goddess,161.8835255,175.581508,30.9062527,10.22219722,341.2805997,132.0001618
00000320.jpg,goddess,111.2892558,255.2707867,88.1463305,89.38489302,235.2044726,131.4402409
00000321.jpg,goddess,350.8171743,23.25331603,57.34143724,53.91931836,257.3842416,118.7458248
00000324.jpg,goddess,114.8137733,252.9676913,108.9255405,104.1796136,252.9016835,127.8085722
00000325.jpg,goddess,176.2395052,72.29502017,2.378362049,23.08324206,249.968811,147.5283457
00000327.jpg,goddess,346.2567256,50.95947491,18.21429044,355.9407267,239.0357393,121.5103175
00000329.jpg,goddess,190.3932976,188.3385113,53.76301624,31.18702522,232.3968841,68.13017052
00000334.jpg,goddess,166.816881,147.4037654,344.6918908,31.48086026,316.9715533,325.9557065
00000336.jpg,goddess,157.4024486,221.3985645,128.8297961,112.5470388,219.905041,150.4401986
00000337.jpg,goddess,88.19909326,275.1667966,92.82422054,84.48470686,233.217099,122.2323052
00000339.jpg,goddess,65.64095014,290.1003674,82.53695569,83.00500836,234.836514,118.5336269
00000343.jpg,goddess,288.7661483,38.75851005,26.64395937,14.40930935,235.0986757,129.3339094
00000345.jpg,goddess,177.5273936,199.1989285,150.0741152,144.5352257,184.7731986,175.0770473
00000346.jpg,goddess,322.1116135,37.6446728,29.38182788,25.30363463,262.4069378,89.50689507
00000348.jpg,goddess,126.6874667,252.9086297,119.4460121,103.225787,245.2740944,121.0947169
00000349.jpg,goddess,106.9462334,238.9080464,106.0186839,109.9491627,254.1943035,114.9834482
00000355.jpg,goddess,90.29856486,261.6443275,104.7601568,97.96412692,242.7766194,130.1584598
00000357.jpg,goddess,82.67852555,276.645435,94.98117638,88.64947803,256.2995329,115.9371729
00000358.jpg,goddess,123.1011599,243.2445377,93.37516364,83.56097969,233.4498975,142.4923156
00000360.jpg,goddess,152.2320924,196.5191824,140.6166798,152.9024688,253.444427,116.7983217
00000361.jpg,goddess,106.9462334,238.9080464,106.0186839,109.9491627,254.1943035,114.9834482
00000363.jpg,goddess,180.9338399,214.9622205,22.70685417,43.71753845,228.7273381,133.0445827
00000366.jpg,goddess,90.29856486,261.6443275,104.7601568,97.96412692,242.7766194,130.1584598
00000369.jpg,goddess,82.67852555,276.645435,94.98117638,88.64947803,256.2995329,115.9371729
00000370.jpg,goddess,123.1011599,243.2445377,93.37516364,83.56097969,233.4498975,142.4923156
00000374.jpg,goddess,84.8102146,283.036817,95.06893939,89.25839167,238.3697855,129.6085966
00000375.jpg,goddess,215.8867037,206.928422,354.7572127,3.293923208,27.70325137,28.11691729
00000376.jpg,goddess,200.9113705,136.2631444,270.8936592,274.1708807,170.3046245,183.1088385
00000377.jpg,goddess,145.2977473,164.4604647,167.9913589,189.0657161,209.9007831,189.4932759
00000378.jpg,goddess,183.50303,184.1922452,97.30875357,96.94066566,242.2745106,164.458812
00000379.jpg,goddess,157.5745552,75.94413132,56.04620843,55.34020269,82.50214029,296.4250285
00000380.jpg,goddess,64.50434623,289.1227686,82.27314179,83.16959077,234.6968969,119.9222392
00000381.jpg,goddess,157.269074,272.9757281,75.18240992,83.53778316,252.987396,115.7963342
00000383.JPG,goddess,175.7996292,200.1737436,202.3491617,43.60478718,332.2702268,189.5110839
00000384.jpg,goddess,81.00797901,280.0483888,89.2611726,92.47897414,243.1610903,124.9495378
00000385.jpg,goddess,152.2320924,196.5191824,140.6166798,152.9024688,253.444427,116.7983217
00000389.jpg,goddess,190.2673164,163.7508127,43.37697539,45.17779403,262.6493632,86.38560467
00000392.jpg,goddess,102.6237346,251.1758024,92.85971851,100.8531693,230.52373,151.086894
00000395.jpg,goddess,120.7162851,219.5964154,111.2309414,118.8099679,252.4652525,136.7549672
00000397.jpg,goddess,106.5182277,263.9922629,108.2800957,98.21037754,243.7885959,124.2808601
00000398.jpg,goddess,181.7513722,172.4008278,3.703265857,5.294012797,342.4954552,16.01198753
00000400.jpg,goddess,324.0415549,40.27858376,33.31600467,26.44850682,263.5294714,88.65668591
00000401.jpg,goddess,77.4456522,281.725608,80.09057271,82.16313267,279.3452079,98.99917684
00000128.jpg,plank,167.7672391,175.1936272,272.5945756,85.36677872,272.2956629,268.1507777
00000129.jpg,plank,170.7612964,181.2456362,284.6218869,74.95946212,178.9103224,183.9753361
00000130.jpg,plank,204.635743,186.0349216,116.5705724,101.9307907,168.4759984,185.8217243
00000131.jpg,plank,184.3573479,210.71589,113.8574164,81.19293006,185.4277375,172.2148038
00000132.jpg,plank,165.1082591,177.1442658,163.270117,187.4804742,191.5095101,204.4222351
00000133.jpg,plank,164.1479246,197.465546,84.11784973,103.7945563,285.9165201,179.557387
00000134.jpg,plank,157.7333419,190.8506035,60.50717262,109.6477391,164.9494027,36.97195833
00000135.jpg,plank,174.9352114,187.5263713,89.38782079,96.75153816,200.2597671,179.9875867
00000136.png,plank,262.0238184,255.8908246,272.6168836,80.13439815,171.4085545,173.1673403
00000137.jpg,plank,193.0838291,191.4289782,291.0081142,67.71005514,168.0110746,168.1152844
00000138.jpg,plank,107.0242287,93.02585122,73.73514419,282.7703521,182.9322773,183.0493692
00000140.jpg,plank,179.3137903,194.7372422,272.9059526,74.91982872,170.2568233,171.3209869
00000144.jpg,plank,172.9646756,196.7478431,136.5788737,73.83642101,182.0451204,173.4556574
00000146.png,plank,191.3022195,194.5711191,285.8260901,74.18471519,165.0463524,168.7859318
00000149.jpg,plank,180.759074,157.0651023,288.3545545,86.81763335,185.5516513,189.0638437
00000150.jpg,plank,172.8222002,187.0292672,97.29882838,103.3995201,263.425315,146.8706106
00000151.jpg,plank,193.3013935,172.821446,305.5661843,77.21186956,188.1586792,194.3958428
00000153.jpg,plank,214.5154595,203.9497368,80.99990901,295.1939486,168.127884,172.3102338
00000154.jpg,plank,164.3293512,188.717134,119.4305424,74.62078018,178.0984182,165.7502103
00000155.jpg,plank,173.6688931,229.1010624,104.8130715,62.27672314,186.9976874,163.2165098
00000156.jpg,plank,99.13859485,92.26999806,91.25576395,271.8749232,188.266349,186.4018069
00000157.jpg,plank,176.9192454,163.878703,169.5408878,256.8475869,205.2633582,190.7612357
00000158.jpg,plank,177.1253225,191.7906219,115.6679459,108.8098264,176.7144901,224.6664677
00000159.png,plank,169.9447084,104.7207253,77.70054873,50.54383887,175.6758929,179.9609664
00000160.jpg,plank,201.7555049,193.0173447,289.481491,73.41454105,178.4417676,169.192858
00000161.jpg,plank,184.2471265,190.8591506,281.7904112,72.13315567,168.7347865,166.6613468
00000162.jpg,plank,169.8187431,206.9277167,96.97524414,63.56691075,175.2677651,171.6737303
00000163.jpg,plank,185.6781905,191.1613018,282.3633972,73.1529986,175.5374105,166.2871106
00000165.jpg,plank,162.9751262,189.5707618,76.73192785,106.1798815,182.4686182,181.2530197
00000167.jpg,plank,173.9586762,215.8447068,104.9392212,70.02088634,301.6974775,173.3355427
00000168.jpg,plank,169.8187431,206.9277167,96.97524414,63.56691075,175.2677651,171.6737303
00000169.jpg,plank,184.2471265,190.8591506,281.7904112,72.13315567,168.7347865,166.6613468
00000170.png,plank,181.0501357,178.9852297,97.74012818,93.27907121,178.6221201,178.0145554
00000171.jpg,plank,272.6863208,256.7123793,276.7305189,83.74252156,168.5522032,172.5602133
00000172.jpg,plank,217.234411,193.660268,96.92924699,279.7960898,182.7133593,175.7105382
00000175.jpg,plank,289.2893995,288.0840494,295.2640216,55.81685153,166.3845202,167.4814757
00000176.jpg,plank,166.2296342,172.0609171,61.15642769,290.9922321,184.0072672,189.9573121
00000177.jpg,plank,190.4574765,189.1258756,290.5386255,65.57341756,170.3247972,167.2226075
00000178.jpg,plank,203.2813126,184.7283376,321.1533361,70.42821063,170.7486145,99.6233878
00000179.png,plank,193.9163636,185.6758667,288.9046502,77.82908207,171.5859404,168.1773342
00000180.jpg,plank,174.0132482,181.3907805,122.5670433,70.36378992,183.6863338,166.0907449
00000181.jpg,plank,168.8967872,199.5791851,100.4789686,89.83276123,297.1393285,183.8293482
00000182.jpg,plank,195.2735616,193.3221333,82.24569515,281.5325076,183.7232793,173.9239493
00000183.jpg,plank,176.6886715,163.1265781,74.31405639,298.5967966,224.6237254,199.8663521
00000184.jpg,plank,197.4666108,182.5286197,80.30347537,292.7812454,175.1853638,175.3423674
00000185.jpg,plank,176.4866438,178.4869991,77.6498004,281.5534795,186.8813689,185.8505751
00000186.jpg,plank,224.1062698,196.2971098,35.45626149,82.6259767,186.1802179,177.7599177
00000187.png,plank,194.4066472,155.4868302,263.3010658,274.4814471,201.413345,176.630235
00000189.jpg,plank,163.1947733,191.6400398,70.75610276,111.8798464,179.5444941,179.4453719
00000190.jpg,plank,156.6520588,163.8354216,59.41733252,291.724228,189.7729588,189.4025603
00000191.jpg,plank,169.0987994,168.1792735,65.75066703,288.5330583,192.2670782,191.9431487
00000192.jpg,plank,118.1887619,98.90061614,101.4911484,269.8844356,180.1540059,183.8409595
00000193.jpg,plank,201.7555049,193.0173447,289.481491,73.41454105,178.4417676,169.192858
00000194.png,plank,169.9447084,104.7207253,77.70054873,50.54383887,175.6758929,179.9609664
00000195.jpg,plank,157.7333419,190.8506035,60.50717262,109.6477391,164.9494027,36.97195833
00000196.jpg,plank,159.7238931,168.2666597,69.01330286,286.626698,195.753014,186.5396275
00000197.jpg,plank,165.5933737,172.1827503,70.20439044,139.0517584,183.9855986,179.5275989
00000198.jpg,plank,165.1661807,191.3857752,163.6216976,89.57877525,313.9644389,175.9094936
00000199.JPG,plank,162.9488082,182.5458061,61.13586504,129.8011174,182.8859119,177.7129535
00000200.png,plank,276.5764998,268.8974365,265.8722233,88.4715567,179.3862837,171.8432012
00000201.jpg,plank,170.8272515,184.9815346,105.5744914,94.57062933,173.6395098,191.7461918
00000202.jpg,plank,168.3230681,185.2075525,79.92675172,107.3971104,186.2913823,179.0642615
00000203.jpg,plank,163.1947733,191.6400398,70.75610276,111.8798464,179.5444941,179.4453719
00000204.png,plank,194.4066472,155.4868302,263.3010658,274.4814471,201.413345,176.630235
00000205.jpg,plank,156.6520588,163.8354216,59.41733252,291.724228,189.7729588,189.4025603
00000206.jpg,plank,169.0987994,168.1792735,65.75066703,288.5330583,192.2670782,191.9431487
00000207.jpg,plank,118.1887619,98.90061614,101.4911484,269.8844356,180.1540059,183.8409595
00000208.jpg,plank,265.9212467,161.1166935,55.27928021,92.53534928,179.3243513,155.6132441
00000209.jpeg,plank,165.1045638,165.7781163,62.96385928,292.0070241,187.0621422,186.8799382
00000210.jpg,plank,83.34036152,68.34951542,359.5086474,3.409611325,186.8563595,186.1139011
00000212.jpg,plank,164.631389,168.194447,56.60764589,290.8708969,188.0734762,188.8257075
00000213.jpg,plank,196.5750976,228.2329071,281.925885,46.22226036,47.04950726,168.7799262
00000214.jpg,plank,168.4077634,176.4808477,71.46346412,121.2898025,195.5281656,179.1107971
00000215.jpg,plank,182.487809,200.1815561,115.5121984,100.033552,182.3021507,177.5144622
00000216.jpg,plank,154.5563942,183.7502528,68.43235883,112.0076388,190.9154603,181.992653
00000217.jpg,plank,182.0971361,187.5668108,281.246076,74.66513751,171.9448528,171.807116
00000218.jpg,plank,193.7352326,193.0359533,289.0569814,79.25509556,166.3379168,168.052854
00000219.jpg,plank,179.32641,182.7496275,79.58465541,110.8766365,286.3879639,166.2582813
00000220.jpg,plank,170.3995159,169.3215543,73.12238015,283.285238,192.1687083,184.8905259
00000221.jpg,plank,180.1056635,180.0613687,289.4329931,67.95716763,124.3706193,140.8991735
00000222.jpg,plank,185.2994076,200.7633657,98.84906151,73.84812421,170.2177116,177.1117874
00000223.jpg,plank,187.992366,191.1280387,106.1287905,89.26145905,175.717698,171.5021719
00000224.jpg,plank,166.0935149,179.2135891,69.54898738,116.578909,178.849499,179.2094393
00000225.jpg,plank,149.1210341,184.2096825,60.93354786,119.1471573,184.6265153,177.9659212
00000226.jpg,plank,156.5495628,202.1845707,108.0830751,73.65267087,187.3588253,137.6373615
00000227.jpg,plank,88.82913016,67.23584131,12.13810195,346.3472168,191.1539922,188.8672403
00000228.jpg,plank,177.2364998,191.0775224,78.32415972,57.55985768,185.9862416,173.5905327
00000229.jpg,plank,174.3273445,168.3549068,65.03386531,293.8627459,185.7286844,187.4407307
00000230.jpg,plank,164.3712412,203.3302143,117.0850722,64.1775874,177.5410104,161.6481411
00000231.jpg,plank,215.1514366,202.2095893,95.12408324,274.8385747,181.6638919,174.6810469
00000232.jpg,plank,187.0333675,192.6447416,286.204593,68.23751972,168.6254948,169.0635043
00000233.jpg,plank,67.50905666,68.39747477,348.5693036,2.496137217,187.6363787,190.9734843
00000234.jpg,plank,164.36367,189.0807881,157.0957646,126.234122,325.6364,177.0912082
00000235.jpg,plank,189.5887209,192.5989893,281.8108474,72.96624365,172.1416564,166.9066754
00000236.png,plank,175.2426985,168.6648344,75.19824629,284.2735552,190.3119744,190.8124961
00000237.jpg,plank,156.5120055,201.4215286,110.36195,77.1669647,179.4659875,174.089748
00000238.png,plank,123.1222231,192.1003086,84.22130899,98.7014139,188.4811939,179.4369801
00000240.jpg,plank,8.774988479,3.03794186,14.36871529,12.22406029,185.1421994,177.8100462
00000241.jpg,plank,170.8272515,184.9815346,105.5744914,94.57062933,173.6395098,191.7461918
00000242.jpg,plank,198.9628125,193.1844743,296.6019952,68.29760138,169.6740119,168.3511639
00000244.jpg,plank,8.774988479,3.03794186,14.36871529,12.22406029,185.1421994,177.8100462
00000245.png,plank,123.1222231,192.1003086,84.22130899,98.7014139,188.4811939,179.4369801
00000246.jpg,plank,180.0976623,190.2413415,278.4299084,75.53651235,169.6580227,167.6095814
00000247.jpg,plank,193.4988754,193.1515576,298.0518097,62.36718923,171.345468,173.1304326
00000248.jpg,plank,178.7134803,202.5138087,131.4927197,69.57499916,182.4994543,157.6741551
00000249.jpg,plank,161.5934087,167.8621947,59.95685525,294.7931655,187.5581033,184.5688418
00000250.jpg,plank,174.6814936,211.195433,95.65264323,66.93577364,173.2021839,173.8907039
00000251.jpg,plank,171.5041258,170.3363496,90.68828134,118.7780983,191.8506701,193.9982005
00000252.jpg,plank,195.9042505,180.7717923,109.2471913,85.08821219,196.1146263,176.287349
00000253.jpg,plank,189.2957488,174.8586804,94.25476887,76.40609313,175.8258181,187.5562537
00000254.jpg,plank,77.09217609,51.64717955,69.11547856,282.8063145,191.4149694,188.5723407
00000255.jpg,plank,164.2164928,173.0777896,77.14715605,279.8505639,190.4370127,184.8392308
00000256.jpg,plank,151.0613352,153.5943482,57.1436351,298.2401543,194.7674741,190.4435867
00000257.jpg,plank,167.3561075,178.7635981,86.45169742,120.6421342,186.7101187,43.94687248
00000258.jpg,plank,176.1090294,200.3921079,112.73076,78.23337991,176.276594,174.991655
00000260.jpg,plank,206.7503284,200.2748719,30.34004542,17.1856992,180.3200944,27.07908042
00000261.jpg,plank,216.178137,212.1482169,97.99490928,264.564518,179.6301481,178.1106507
00000262.jpg,plank,162.2095748,166.1135989,53.90495822,297.5654522,184.0719351,184.9698907
00000263.png,plank,158.9798896,189.8019255,65.91303866,106.8313738,187.1465984,180.4519139
00000264.jpg,plank,172.0560348,167.9439202,84.84689809,125.7981492,182.5803229,178.1788453
00000265.jpg,plank,219.504894,190.6072914,140.4786129,268.5255711,205.2007197,183.1055947
00000266.jpg,plank,191.7231217,191.6083208,273.3400003,75.97492675,158.1243911,174.2512358
00000267.png,plank,203.0365066,178.4000094,129.9669112,71.27684857,336.1250147,79.76986867
00000268.jpg,plank,160.3775154,163.4183221,60.5204992,293.7923142,191.2721431,188.9144808
00000269.jpg,plank,163.7002418,200.7209003,114.1933765,74.67190161,174.6039103,124.129726
00000270.jpg,plank,181.2042954,182.497653,278.3345899,81.24300532,169.9385093,167.1927843
00000272.jpg,plank,192.4524203,196.9013816,192.2853454,168.1672334,32.13710917,32.90710086
00000273.jpg,plank,162.446517,183.2642125,78.69941822,122.2038085,189.6857164,182.9335567
00000274.jpg,plank,169.5340677,165.1189642,66.37753577,291.291356,189.6122149,186.4413966
00000275.jpg,plank,85.46465016,68.84292849,75.42245592,292.7277245,191.8411962,187.9121089
00000276.jpg,plank,96.83365728,81.89218537,83.16159318,287.0217864,185.5788504,185.2244997
00000277.jpg,plank,173.3581197,170.5638266,68.7145416,294.6937862,182.6494558,185.8030679
00000278.jpg,plank,193.0551766,181.9778957,96.28607845,266.3144068,187.9706458,175.5669754
00000279.jpg,plank,182.1100027,180.6352086,79.51789996,279.3907795,181.2766083,167.4415716
00000281.jpg,plank,181.5746692,185.1452309,285.7713525,66.61986569,171.4398005,172.5212028
00000282.jpg,plank,162.4502961,158.5001021,62.26260279,289.9847133,190.8102307,190.5188019
00000283.jpg,plank,176.6509397,182.5791482,106.1771815,101.3259522,218.840481,190.5379399
00000284.jpg,plank,183.4213662,191.2243513,249.0373777,99.09327816,163.5900447,163.729946
00000287.jpg,plank,173.4258447,173.6281671,69.81870581,285.6615864,188.9833339,184.9420154
00000288.jpg,plank,162.7918849,169.7851706,70.62791503,286.2801634,195.7933312,187.0817745
00000289.jpg,plank,161.2453261,161.6893553,61.26776299,294.0499607,188.9491308,186.6483746
00000290.png,plank,136.5857174,140.6287232,176.7732699,182.642528,182.6786087,183.9086641
00000291.jpg,plank,96.29993686,71.30633877,80.20149434,285.9092847,191.2843451,188.6816094
00000292.jpg,plank,211.7021695,183.9836468,91.03328356,304.1466045,172.3790796,172.1331965
00000293.jpg,plank,166.2296342,172.0609171,61.15642769,290.9922321,184.0072672,189.9573121
00000294.png,plank,188.2790393,189.0050793,306.5560973,72.48069094,168.9368209,164.4168319
00000295.jpg,plank,187.8705949,194.3485071,287.8864234,62.85843719,173.0279312,171.0504576
00000296.jpg,plank,175.466354,182.6998611,98.70363691,90.93215648,179.3527038,178.8469436
00000297.jpg,plank,212.8175131,206.3464201,79.35562984,293.8389383,168.9370997,172.9058891
00000298.jpg,plank,192.843881,193.524269,306.9332662,57.1069883,174.5875082,180.4120034
00000299.jpg,plank,202.7215698,173.3104954,219.8982877,289.3659226,186.4564788,186.4280091
00000300.jpg,plank,183.4213662,191.2243513,249.0373777,99.09327816,163.5900447,163.729946
00000301.jpg,plank,164.1479246,197.465546,84.11784973,103.7945563,285.9165201,179.557387
00000302.jpg,plank,217.234411,193.660268,96.92924699,279.7960898,182.7133593,175.7105382
00000303.jpg,plank,180.0976623,190.2413415,278.4299084,75.53651235,169.6580227,167.6095814
00000304.jpg,plank,164.631389,168.194447,56.60764589,290.8708969,188.0734762,188.8257075
00000305.jpg,plank,157.6093955,164.3975769,64.19155793,291.1965498,189.8598769,183.0573236
00000306.jpg,plank,162.3234144,211.0458866,109.7122549,76.65221627,180.2427841,169.4046661
00000307.png,plank,205.9089098,201.4620786,310.4646855,49.84143425,103.7760844,122.6024772
00000308.jpg,plank,180.4891699,216.058689,13.75732001,56.45148233,182.0735701,178.6737222
00000309.jpg,plank,131.8777204,156.3995424,41.4636458,285.9899652,189.6433035,185.1757305
00000310.jpg,plank,162.9751262,189.5707618,76.73192785,106.1798815,182.4686182,181.2530197
00000311.jpg,plank,170.6638097,195.5532611,76.31788168,81.24841918,197.4839718,164.32341
00000312.jpg,plank,191.4077638,190.7243697,75.2306146,288.3851542,183.7276505,173.8188496
00000313.jpg,plank,164.3369044,161.9625504,58.30532484,297.9301678,184.7477357,188.8210872
00000314.jpg,plank,180.9751885,181.4090167,99.73561015,89.62023549,169.4568591,168.8030557
00000315.jpg,plank,8.774988479,3.03794186,14.36871529,12.22406029,185.1421994,177.8100462
00000316.jpg,plank,156.7598678,182.5413753,94.14645531,34.3166657,186.7943538,44.44303136
00000317.jpg,plank,182.487809,200.1815561,115.5121984,100.033552,182.3021507,177.5144622
00000318.jpg,plank,204.2686231,205.0815168,296.335017,66.58569621,170.6716807,170.8590483
00000319.jpg,plank,91.14628485,80.31479593,85.97051522,283.900739,188.2040382,184.0184425
00000320.jpg,plank,171.091934,169.0040585,79.52342785,278.4664577,200.852702,191.3739908
00000321.jpg,plank,177.7273057,191.4621942,274.1398197,75.43885215,172.700078,170.7828185
00000322.png,plank,172.5097064,171.4206476,83.25979733,17.41268942,180.2453984,178.9446238
00000323.jpg,plank,188.7471837,188.3736791,93.51861824,88.36832788,189.3248272,40.89456496
00000324.jpg,plank,268.8335908,273.1874488,285.8870419,66.4413869,153.7140874,159.0476448
00000325.jpg,plank,171.6718695,185.6305745,75.86367315,114.4038588,200.0187895,179.5826115
00000326.jpg,plank,187.8769814,174.7867555,279.3995849,283.6814033,153.4515146,166.5954486
00000328.jpg,plank,188.6095541,196.9345451,74.49735627,292.2877427,179.8222136,185.0095593
00000329.jpg,plank,153.7968848,181.0477866,81.42583579,117.5597274,180.3623167,173.2843794
00000330.png,plank,172.5899882,225.3642386,98.3426319,72.23111148,178.0163689,180.2249882
00000331.jpg,plank,168.3623391,203.1613887,107.4335218,57.97480784,172.5891282,173.6426229
00000332.jpg,plank,173.9244248,213.4445574,106.6389029,74.44681844,176.4820244,180.2595674
00000333.jpg,plank,158.2747239,191.2178786,81.23816429,79.39383715,202.6383975,181.4735355
00000335.jpg,plank,185.4806769,178.4591876,71.00100217,290.7580435,171.7828715,172.7921298
00000337.jpg,plank,172.0279575,169.9899571,67.19062885,289.254111,192.6179024,185.2540081
00000338.jpg,plank,181.1376684,189.9910974,279.1096057,74.38525552,166.7731515,169.1972084
00000339.jpg,plank,163.7859065,184.3141378,72.97623061,85.47401222,167.2547264,134.9156277
00000340.jpg,plank,219.1365438,233.7930921,37.07578864,58.20441165,28.10218107,106.8979519
00000341.jpg,plank,285.4601716,271.4532337,281.949175,73.58977704,148.2171223,157.573451
00000344.jpg,plank,157.6093955,164.3975769,64.19155793,291.1965498,189.8598769,183.0573236
00000345.jpg,plank,249.3485769,250.1797244,262.7248755,88.56264869,171.5303116,171.3501544
00000346.jpg,plank,163.2572154,189.8299907,116.2873222,71.77232416,180.3314001,172.5261707
00000348.jpg,plank,170.1249797,194.8226521,97.50530613,75.24823611,179.0790627,169.0295681
00000349.jpg,plank,204.2686231,205.0815168,296.335017,66.58569621,170.6716807,170.8590483
00000350.jpg,plank,175.466354,182.6998611,98.70363691,90.93215648,179.3527038,178.8469436
00000353.jpg,plank,160.5745251,168.949663,67.77603043,133.4933486,194.774141,177.298687
00000354.jpg,plank,176.9705382,183.7981955,83.97590004,122.8877328,181.4988066,185.710157
00000355.jpg,plank,161.9199226,155.5957569,66.62033392,289.7891649,190.2548105,184.4814115
00000356.jpg,plank,194.7266191,164.7247255,255.8927949,237.9076317,159.1865301,109.8412251
00000357.jpg,plank,180.8787913,195.4109027,284.6751398,62.706523,172.0628709,172.0987678
00000359.JPG,plank,353.3704592,200.7294835,52.2972154,66.1988186,225.2924943,179.3760143
00000360.jpg,plank,175.140923,168.6959661,69.29818394,289.8359663,186.382104,189.2685016
00000361.jpg,plank,184.3316364,184.3601226,110.0552808,83.78659045,184.7505539,177.6588318
00000362.jpg,plank,173.0761126,179.1065845,73.52478696,98.7748176,162.8076171,185.8460793
00000363.jpg,plank,208.3123931,214.0673474,320.1356977,33.64600922,165.7346123,171.2949316
00000364.jpg,plank,175.466354,182.6998611,98.70363691,90.93215648,179.3527038,178.8469436
00000365.jpg,plank,156.3704221,157.1671861,38.4375735,312.997902,265.9946304,285.2285506
00000366.jpg,plank,180.8787913,195.4109027,284.6751398,62.706523,172.0628709,172.0987678
00000367.jpg,plank,194.7266191,164.7247255,255.8927949,237.9076317,159.1865301,109.8412251
00000368.jpg,plank,176.9705382,183.7981955,83.97590004,122.8877328,181.4988066,185.710157
00000369.jpg,plank,161.9199226,155.5957569,66.62033392,289.7891649,190.2548105,184.4814115
00000370.jpg,plank,166.3619121,190.5380365,110.2157082,113.3535479,180.3518579,178.8404232
00000371.jpg,plank,184.3316364,184.3601226,110.0552808,83.78659045,184.7505539,177.6588318
00000372.JPG,plank,353.3704592,200.7294835,52.2972154,66.1988186,225.2924943,179.3760143
00000373.jpg,plank,175.140923,168.6959661,69.29818394,289.8359663,186.382104,189.2685016
00000374.jpg,plank,160.5745251,168.949663,67.77603043,133.4933486,194.774141,177.298687
00000375.jpg,plank,195.5357257,193.1892385,85.53456131,281.6273923,184.8093249,173.1623528
00000376.jpg,plank,173.0761126,179.1065845,73.52478696,98.7748176,162.8076171,185.8460793
00000377.jpg,plank,162.7578945,171.8542977,272.815945,86.04850337,177.068177,177.7862443
00000380.jpg,plank,168.6711281,168.8330053,59.57472136,291.2113245,187.0315269,186.2831915
00000381.jpg,plank,167.921584,167.8983884,55.80271986,294.6073562,245.6373994,192.1322946
00000384.jpg,plank,163.9787339,165.3885558,57.47044281,302.7060523,191.0977901,197.2698109
00000385.jpg,plank,144.969974,207.5135571,70.68849949,121.8130397,197.0447775,174.1068477
00000386.jpg,plank,150.0700349,167.3403986,43.96875971,311.5906209,182.7194635,165.0225861
00000387.jpeg,plank,168.8797097,165.3265567,63.43843167,292.8757703,188.3951574,185.6799651
00000388.png,plank,88.87314437,74.44544518,64.26651706,290.4927698,206.6012443,186.1477998
00000389.jpg,plank,226.7192145,211.7228331,99.74442862,285.9105054,187.9903537,179.3004799
00000390.jpg,plank,196.3765099,206.0032168,291.2196315,60.82373295,178.5396052,173.774332
00000391.jpg,plank,151.1814649,153.9642501,54.70195883,292.7201426,188.3367944,190.0232111
00000395.png,plank,197.618819,195.673014,293.6526432,67.11384101,175.0372215,173.572555
00000396.jpg,plank,151.1285323,158.4152986,62.50574471,293.2643354,330.1984503,333.7593998
00000397.jpg,plank,184.1440881,215.3162336,19.99177302,72.33880162,256.5864944,178.424148
00000398.jpg,plank,161.3410532,184.1935227,83.90189986,109.2050446,208.3026187,177.6539596
00000399.jpg,plank,185.7566753,188.922892,282.5860326,69.65943789,169.647858,171.2751563
00000402.jpg,plank,192.4389611,194.1871147,124.4228777,73.40540912,201.2159059,100.1778226
00000403.jpg,plank,166.3713026,205.2912281,103.6102789,59.76944033,176.4435819,177.3002101
00000404.jpg,plank,129.592276,135.5126587,34.76761983,294.6227,171.6963467,187.0787699
00000406.jpg,plank,205.0349535,202.2291855,259.1988903,90.59340688,170.1538459,175.5113512
00000407.jpg,plank,129.592276,135.5126587,34.76761983,294.6227,171.6963467,187.0787699
00000408.jpg,plank,166.3713026,205.2912281,103.6102789,59.76944033,176.4435819,177.3002101
00000410.jpg,plank,171.2338082,193.7349247,117.8884871,68.84797831,181.2926558,176.7976459
00000412.jpg,plank,103.6746844,82.59633914,88.82030366,278.180112,187.8041233,185.7440739
00000413.jpg,plank,227.0418905,219.2860493,271.4248544,105.5262264,153.2321894,154.9133443
00000414.jpg,plank,168.1113935,185.7094449,77.84747867,102.4663782,182.6037467,181.2443126
00000415.jpg,plank,166.6736437,164.6325841,59.70152632,303.6418965,190.5407394,193.8962824
00000417.jpg,plank,187.7025929,203.1927768,278.4892572,70.6346951,167.6083931,173.2663241
00000418.jpg,plank,115.0785288,80.27697261,99.25443665,272.4704822,193.3887001,185.8804688
00000419.jpg,plank,240.2654485,244.0695451,47.75821756,75.59160508,178.2273521,174.8044465
00000420.jpg,plank,176.019265,192.2478775,82.05924575,93.94354707,177.3082977,185.0621195
00000423.jpg,plank,173.4702366,201.5873837,105.1655999,88.90757885,325.4793613,168.53361
00000424.jpg,plank,186.0319397,188.5107196,295.8487137,67.26741691,176.1952451,174.400132
00000426.jpg,plank,166.079827,169.2190269,55.02574318,298.0986846,188.3672736,185.6124529
00000428.jpg,plank,167.4301618,177.9025776,69.71764474,282.892709,184.6015869,186.2599614
00000429.jpg,plank,112.2941565,93.91892887,100.6039866,264.692563,189.7270846,186.6797478
00000430.jpg,plank,159.9340655,200.1895117,110.755909,78.29699545,178.7238034,176.2034817
00000431.jpg,plank,144.1539495,146.1709509,66.52457025,293.7612995,212.5144629,197.4660562
00000434.jpg,plank,169.9935693,200.4801093,161.0547587,70.0512681,182.5740352,171.8522621
00000435.JPG,plank,287.0523553,275.3945368,279.9534887,59.6400728,179.4592318,174.51859
00000437.jpg,plank,178.2139609,189.6415923,262.5667692,156.6773949,183.0497134,162.3999043
00000440.jpg,plank,248.5597866,174.7157524,36.11179454,64.56698975,186.7407244,181.9720772
00000070.jpg,tree,186.584193,157.1993035,166.1286841,181.5385866,181.0900483,293.1909237
00000071.jpg,tree,318.8765256,48.0400565,36.58732337,7.11765168,182.9095355,35.83201629
00000072.jpg,tree,171.4626507,183.2629522,176.7834925,179.4329872,187.807323,185.1957446
00000073.jpg,tree,157.9873355,191.5421637,189.1261284,181.6019817,183.5203562,51.12723014
00000074.jpg,tree,173.178507,191.6878995,199.6952863,177.715498,171.2706944,38.51304273
00000075.jpg,tree,160.8091649,212.8822684,191.2370485,168.3988768,172.5706075,56.29042541
00000076.jpg,tree,247.1428949,101.5112459,47.20846485,46.91926853,178.4431162,27.20596882
00000077.jpg,tree,140.9760423,214.593463,183.6699686,38.990491,184.8518987,69.31288209
00000078.jpg,tree,173.8478268,176.8714004,145.8763275,139.1496452,184.4946991,42.18313949
00000079.jpg,tree,343.1412877,53.43535832,27.39103854,351.6305123,180.9465399,44.64660815
00000080.jpg,tree,186.6519399,187.8837005,144.2505955,161.0417895,326.4233457,176.0955718
00000081.jpg,tree,156.9395681,187.9119573,181.8436484,193.9087719,337.4842823,183.0388205
00000082.jpg,tree,310.8148865,38.82563078,17.80174316,22.67473587,169.5692396,42.05287081
00000083.jpg,tree,309.5371217,43.24593341,42.57682939,39.86493634,187.4445788,35.39494972
00000084.jpg,tree,167.1455644,186.1094252,186.4463418,195.4385368,331.6223565,180.4964298
00000085.jpg,tree,161.7004705,190.9431063,173.9657221,164.0561881,165.0839834,50.87144728
00000086.png,tree,315.5918218,40.90774849,46.49722938,44.27456648,321.505899,182.3131135
00000087.jpg,tree,133.6884652,219.4406022,167.0483922,185.2816186,330.6490495,181.542201
00000088.jpg,tree,320.863676,50.4044446,35.47881701,18.61162681,173.6456874,36.40906302
00000089.jpg,tree,120.4640282,234.238597,161.617678,173.1900962,316.5444442,171.9643182
00000090.png,tree,316.267249,41.31144772,33.46969467,31.28940858,182.83219,68.89756141
00000091.jpg,tree,157.7502327,201.0273869,181.9417474,180.3838338,320.9027999,187.1024731
00000092.jpg,tree,115.5439104,268.2953105,173.1316543,147.9969615,31.89104897,38.80741019
00000093.jpg,tree,164.3067007,189.899899,151.5706239,145.7773295,189.258085,42.47015107
00000094.jpg,tree,140.9760423,214.593463,183.6699686,38.990491,184.8518987,69.31288209
00000095.jpg,tree,192.2296919,183.9739296,131.7280961,138.5434912,326.9552009,177.1457948
00000096.jpg,tree,343.8500259,53.62157436,30.97891055,350.8449808,178.619368,42.46269206
00000097.jpg,tree,324.049313,46.11068453,40.24850995,33.56562359,176.8802224,40.74377144
00000098.jpg,tree,164.7103739,188.1007597,183.6279366,194.982173,332.9840911,183.1503296
00000099.jpg,tree,297.249844,58.47455183,25.86471366,36.68725429,268.6167885,176.6013488
00000100.jpg,tree,178.4233738,199.7507868,149.4300398,139.315461,184.4533528,135.3049837
00000101.jpg,tree,326.067237,30.36654271,23.76105396,11.56149128,184.2353028,34.73921745
00000102.jpg,tree,179.2031909,194.9915765,167.142819,168.816896,317.1422346,185.6273143
00000103.jpg,tree,331.5776289,30.3648169,26.8312555,15.69356045,180.144451,47.43014811
00000104.jpg,tree,151.08053,189.320951,175.9945522,193.7448153,322.9110061,185.8120623
00000105.jpg,tree,95.01486281,284.0670663,172.5890623,141.1804759,174.8348679,64.43535324
00000107.jpg,tree,184.4547952,180.7096405,184.1582321,170.4955257,31.79593848,158.0429345
00000108.jpg,tree,320.9953913,29.35336073,44.05016605,30.52131342,180.3053558,44.55964162
00000109.jpg,tree,183.3709161,204.1395345,76.52493593,273.8341581,185.6825932,196.3903789
00000110.jpg,tree,162.046422,207.993383,191.6975897,170.4676957,175.863978,57.32958258
00000111.jpg,tree,219.2171844,269.9407188,268.2154894,190.8119411,329.7290106,185.8941928
00000112.jpg,tree,328.4619861,47.82948597,49.24433273,47.02101585,179.5525863,38.67189047
00000113.jpg,tree,321.0311479,35.44050543,48.60291733,37.3592802,180.20603,80.0765841
00000115.jpg,tree,184.4547952,180.7096405,184.1582321,170.4955257,31.79593848,158.0429345
00000116.jpg,tree,157.7502327,201.0273869,181.9417474,180.3838338,320.9027999,187.1024731
00000117.jpg,tree,192.2296919,183.9739296,131.7280961,138.5434912,326.9552009,177.1457948
00000118.jpg,tree,328.4619861,47.82948597,49.24433273,47.02101585,179.5525863,38.67189047
00000119.jpg,tree,174.7388371,188.871096,174.7803897,183.9679636,320.0982447,177.592035
00000120.jpg,tree,171.3155669,182.0723595,191.480332,181.8760084,162.1980208,46.49419176
00000121.jpg,tree,219.2171844,269.9407188,268.2154894,190.8119411,329.7290106,185.8941928
00000122.jpg,tree,164.3067007,189.899899,151.5706239,145.7773295,189.258085,42.47015107
00000123.jpg,tree,162.1592853,196.1862997,192.5923867,176.8106225,175.6453187,45.54350232
00000124.jpg,tree,164.7103739,188.1007597,183.6279366,194.982173,332.9840911,183.1503296
00000125.jpg,tree,297.249844,58.47455183,25.86471366,36.68725429,268.6167885,176.6013488
00000126.jpg,tree,115.9864519,206.6178719,174.9899481,39.01811856,182.1184239,38.12653845
00000127.jpg,tree,324.049313,46.11068453,40.24850995,33.56562359,176.8802224,40.74377144
00000128.jpg,tree,178.4233738,199.7507868,149.4300398,139.315461,184.4533528,135.3049837
00000129.jpg,tree,326.067237,30.36654271,23.76105396,11.56149128,184.2353028,34.73921745
00000130.jpg,tree,179.2031909,194.9915765,167.142819,168.816896,317.1422346,185.6273143
00000131.png,tree,316.267249,41.31144772,33.46969467,31.28940858,182.83219,68.89756141
00000132.jpg,tree,151.08053,189.320951,175.9945522,193.7448153,322.9110061,185.8120623
00000133.jpg,tree,95.01486281,284.0670663,172.5890623,141.1804759,174.8348679,64.43535324
00000135.jpg,tree,117.736413,126.2111215,39.02921965,311.8875471,189.8363632,185.9672567
00000136.jpg,tree,147.6536469,178.9259134,208.7241857,153.9283476,184.0703332,182.6179764
00000137.jpg,tree,139.6126764,210.3759158,182.2592816,174.3796816,165.7779789,43.55734098
00000138.jpg,tree,328.510026,39.60719655,29.73323124,12.82854956,185.3950366,35.68869273
00000139.jpg,tree,167.927911,193.5599021,177.8729644,166.9318202,177.5008966,51.66134958
00000140.png,tree,142.3259453,212.6099754,180.9986462,175.1382378,174.6518507,38.79037375
00000141.jpg,tree,175.0790772,185.7193017,124.392931,189.5064213,316.1787926,181.9377565
00000142.jpg,tree,318.5261781,45.86274639,46.25163035,40.14353141,178.5477752,44.18223335
00000144.jpg,tree,173.147206,185.0489623,85.44537097,96.10974067,304.8780241,181.5554235
00000145.png,tree,168.5429845,179.1014082,179.9149594,193.3689269,259.4194342,305.7907236
00000146.jpg,tree,176.2925719,150.7567269,168.9660683,183.5885429,183.5164945,326.1840223
00000147.jpg,tree,168.7859628,188.8373226,186.1239195,191.2754828,329.098355,178.3957771
00000148.jpg,tree,170.2016861,192.8501068,145.3570272,138.5950157,169.0448057,54.48677568
00000149.jpg,tree,332.3963712,31.3276171,28.70015928,18.63892948,182.493355,57.9564165
00000150.jpg,tree,159.3806499,185.2696466,151.6079597,141.9615605,183.8869777,34.65509127
00000151.jpg,tree,217.134638,134.5688729,176.4023533,181.4339441,54.20617611,145.6150202
00000152.jpg,tree,173.8478268,176.8714004,145.8763275,139.1496452,184.4946991,42.18313949
00000153.jpg,tree,164.5891726,186.2067297,179.4421271,186.0811899,182.7344887,183.9145857
00000154.png,tree,189.7028941,164.7724085,172.9491698,166.3055326,59.22330089,165.2414596
00000155.jpg,tree,344.7612511,33.69704823,28.51171872,8.113056736,185.6156692,42.13723331
00000156.jpg,tree,91.52996492,230.1490179,326.4364452,7.587431786,189.1262005,255.969873
00000157.png,tree,168.5429845,179.1014082,179.9149594,193.3689269,259.4194342,305.7907236
00000158.jpg,tree,115.9864519,206.6178719,174.9899481,39.01811856,182.1184239,38.12653845
00000159.jpg,tree,164.5891726,186.2067297,179.4421271,186.0811899,182.7344887,183.9145857
00000160.jpg,tree,173.8478268,176.8714004,145.8763275,139.1496452,184.4946991,42.18313949
00000161.jpg,tree,168.7859628,188.8373226,186.1239195,191.2754828,329.098355,178.3957771
00000162.jpg,tree,332.3963712,31.3276171,28.70015928,18.63892948,182.493355,57.9564165
00000163.jpg,tree,134.3258471,221.7678612,188.4938891,164.6733342,164.3268022,32.77189194
00000164.jpg,tree,159.3806499,185.2696466,151.6079597,141.9615605,183.8869777,34.65509127
00000165.jpg,tree,170.2016861,192.8501068,145.3570272,138.5950157,169.0448057,54.48677568
00000166.jpg,tree,217.134638,134.5688729,176.4023533,181.4339441,54.20617611,145.6150202
00000167.jpg,tree,310.8425584,43.49040104,14.73438208,16.50283408,169.6706321,62.67758569
00000168.jpg,tree,176.2925719,150.7567269,168.9660683,183.5885429,183.5164945,326.1840223
00000169.jpg,tree,159.7600138,185.4320646,172.6365278,190.6147189,171.8360191,30.7877534
00000170.jpg,tree,162.1592853,196.1862997,192.5923867,176.8106225,175.6453187,45.54350232
00000171.jpg,tree,128.0716372,201.8267556,170.9134166,186.1254015,171.3117184,41.25038776
00000172.jpg,tree,319.2021141,31.06939885,16.25516878,11.26536563,189.2529232,108.2886404
00000173.jpg,tree,174.0278007,184.9795917,17.39515971,15.80736557,182.8735887,177.8009517
00000174.jpg,tree,165.8196772,214.2639025,176.2181886,155.0956994,328.0717825,119.9360182
00000175.jpg,tree,150.0902172,187.8023016,186.9334668,182.0008694,187.776106,45.46742212
00000176.jpg,tree,319.2099632,30.7348553,22.53163674,10.39868634,174.9559647,45.49749189
00000177.png,tree,96.3206093,242.2440061,147.3054805,185.076073,315.6602887,181.5256808
00000178.JPG,tree,331.3840522,22.26488999,12.50521035,31.12745631,315.3322819,178.3683058
00000179.jpg,tree,306.4520093,52.57939262,42.71244875,43.52177296,183.2940634,28.1196307
00000180.jpg,tree,172.8388212,185.9483249,107.164123,98.83610879,169.8906525,63.08211076
00000181.jpg,tree,315.3137534,52.84408247,47.81218107,39.02305028,177.3744655,65.36742421
00000182.jpg,tree,198.5748149,153.9577598,21.69887212,3.141760358,182.5770213,38.89964212
00000184.jpg,tree,174.7919998,190.3764083,192.7187413,178.0153366,171.2482547,35.86779116
00000185.jpg,tree,333.2651561,197.236691,357.5715458,175.3413743,335.9389114,177.7632962
00000187.jpg,tree,137.6863122,251.4622811,192.8119435,142.6698553,187.8987532,71.00907728
00000188.jpg,tree,317.350105,37.67250858,23.58047327,12.49683481,182.1047883,35.42110311
00000190.jpg,tree,167.281761,179.7106314,144.9882345,86.58722632,174.4025983,122.8629176
00000191.jpg,tree,182.3425427,169.4621593,163.7211925,173.1560575,182.4678711,276.7405789
00000192.jpg,tree,161.9972617,317.5283695,29.34353273,26.85364154,310.9518688,173.7731885
00000193.jpg,tree,194.1228933,178.5562059,215.8257254,196.0702809,91.74986087,140.0097122
00000194.jpg,tree,330.5060674,12.34523677,18.74193077,17.45644679,142.2054943,32.05707134
00000195.jpg,tree,321.8451244,33.66597757,18.93515628,15.24316155,179.4233429,127.3204426
00000196.jpg,tree,197.7804472,174.9280972,225.9506495,210.2361141,25.93806418,162.2308491
00000197.jpg,tree,175.0201652,181.8793168,144.7266662,140.9440799,171.3072564,36.63380903
00000198.jpg,tree,167.5157993,203.6313539,184.8020514,173.9705455,169.70374,40.49707602
00000199.jpg,tree,91.52996492,230.1490179,326.4364452,7.587431786,189.1262005,255.969873
00000200.png,tree,131.5639773,218.9486762,158.4727855,188.0304687,241.9037184,178.0096551
00000201.jpg,tree,303.7733031,40.81213351,29.43981268,38.73180353,319.4650442,174.0882514
00000202.jpg,tree,158.3382263,164.0389513,161.6821702,200.5427062,201.8206197,207.6519342
00000203.png,tree,334.0788582,28.3005585,17.55038394,21.19089021,319.0685712,179.6259597
00000204.jpg,tree,175.7319894,197.7795166,175.1332363,158.0267501,198.1845462,101.6048173
File10.jpg,tree,157.6501509,230.7353187,186.621764,155.8561698,177.694147,69.23228828
File11.jpg,tree,307.4047801,43.25823022,12.51747494,30.59515553,316.1270393,181.9168119
File12.jpg,tree,131.6256615,205.2997127,171.7093236,186.3198048,313.7965046,180.1040537
File13.jpg,tree,169.8156882,197.2300143,172.8589292,160.0058005,180.6763076,42.38266257
File14.jpg,tree,162.3953042,188.9351836,172.1579316,178.2470043,287.801707,181.5113548
File15.jpg,tree,167.501516,180.9603419,192.1946014,182.1692236,187.7604676,58.0391798
File17.jpg,tree,171.8234254,185.5673809,188.6729311,194.4256801,325.6375015,174.4157964
File18.jpg,tree,327.134318,34.86322145,49.81989719,42.60759388,185.7676441,43.08883363
File25.jpg,tree,325.8246325,42.71554074,32.17306394,10.8152675,187.4467534,26.03563744
File31.jpg,tree,122.1301399,243.474512,180.3754333,161.4269102,176.1729831,66.81567213
File36.jpg,tree,155.8733847,189.5037607,189.4857641,183.3834602,183.4476065,50.73967377
File38.jpg,tree,152.2623764,199.2639159,178.4130645,187.9192365,330.7041478,180.611192
File41.jpg,tree,348.5974468,23.00524897,30.19393929,11.92021176,179.7673091,48.03774846
File42.jpg,tree,316.4758543,34.11912328,21.99209902,6.223586597,184.2993124,34.92312904
File45.jpg,tree,169.5624198,190.6941747,192.1698377,188.3852864,332.9346895,182.7614829
File47.jpg,tree,315.5624693,34.64761132,19.68256457,28.16562967,316.7765536,184.0707966
File49.jpg,tree,139.657701,228.9599999,185.5709759,161.6170469,150.7438064,87.29397278
File55.jpg,tree,165.9381917,186.1807257,190.5151463,175.7906013,172.9041042,20.86205954
File64.jpg,tree,168.7642845,183.8718027,193.0400777,187.1072469,175.2160723,59.24139363
File66.jpg,tree,156.7072083,209.5764204,184.7188499,183.5898761,341.462071,179.2917418
File71.jpg,tree,160.4858272,186.8301732,184.4092747,193.0064554,324.337013,183.2687899
File72.jpg,tree,316.4215586,40.96398161,44.13645718,43.3328228,324.7189752,181.490048
File73.jpg,tree,134.3258471,221.7678612,188.4938891,164.6733342,164.3268022,32.77189194
File81.jpg,tree,130.9714407,224.710623,174.7646313,175.6560621,331.7177336,172.0484762
File83.jpg,tree,323.7026482,45.30364716,24.681663,16.3163232,186.3159605,45.53425132
File84.jpg,tree,311.5439439,45.96867674,37.71053606,33.64673347,321.6903431,176.2468572
00000118.jpg,warrior2,166.8616299,175.6590856,90.72029917,101.3398137,240.6818109,168.3653042
00000120.jpg,warrior2,179.1198208,191.9728708,94.6164945,95.51206559,184.2311645,111.9440108
00000121.jpg,warrior2,202.0888381,167.7583647,105.1837299,120.1736608,145.1676909,174.6281432
00000122.jpg,warrior2,190.6119097,185.4147828,106.107759,105.51442,176.4382017,121.327009
00000123.png,warrior2,178.9964963,176.4911044,102.9448468,106.2350211,217.0963872,116.9042347
00000124.jpg,warrior2,175.7549284,175.9397699,105.2415581,98.60411294,259.1956368,190.7261981
00000125.jpg,warrior2,174.2726562,167.9152232,77.68732999,78.24542936,233.0263186,168.9266534
00000126.jpg,warrior2,186.38958,190.6313508,96.43830282,105.3937998,175.4131098,136.9641493
00000127.jpg,warrior2,168.5507827,121.9671758,20.82359164,302.4583676,244.8833188,185.4534944
00000129.jpg,warrior2,190.3276068,189.2539864,100.9278489,92.30892118,177.0484299,106.6352845
00000130.jpg,warrior2,165.8527563,164.0063062,166.0103049,190.484154,238.5321001,190.358767
00000131.jpg,warrior2,173.9145909,175.2530347,141.2070732,30.59039728,242.6857999,175.9083957
00000132.jpg,warrior2,190.3316311,187.4548086,107.5401055,89.90240584,180.844777,112.047656
00000134.jpg,warrior2,181.5966227,169.0903261,271.8294085,270.296575,166.7705986,245.7559236
00000135.jpg,warrior2,186.9090718,185.1295044,88.5796159,96.79539558,182.5659588,96.38023
00000136.jpg,warrior2,196.5238069,184.5506731,96.83428172,94.15216896,178.6742161,102.7592596
00000138.jpg,warrior2,165.8536436,168.5660025,165.8003371,197.384761,210.1162048,258.6940621
00000139.jpg,warrior2,162.3861897,165.8833198,297.9109236,72.47382835,191.9963062,209.3297396
00000140.jpg,warrior2,182.4401,177.114305,87.43803439,104.3037221,245.3871795,168.4833388
00000141.jpg,warrior2,181.7057105,180.2929561,101.1698705,102.4280479,173.5062232,130.3147777
00000142.jpg,warrior2,186.7649981,178.0462637,271.4507618,264.3080453,187.8647387,241.9469586
00000143.jpg,warrior2,179.5384099,174.5316715,99.6481089,101.9892316,247.1951819,168.3571184
00000147.jpg,warrior2,198.7055706,183.6818413,102.9395681,95.4898921,179.2816206,124.4808177
00000148.jpg,warrior2,189.685962,193.3599927,104.1748243,92.44893967,160.5513029,98.96292165
00000149.jpg,warrior2,181.0779577,180.0220584,91.40825785,101.3918373,186.0752282,100.5235209
00000150.jpg,warrior2,173.0496328,184.7758013,105.5701125,89.43669722,251.5631707,177.0152624
00000153.jpg,warrior2,172.4901183,181.1760569,80.68480175,103.7571551,182.920438,81.40580257
00000155.jpg,warrior2,173.8930178,176.1766634,102.2562852,87.55360998,236.8202216,164.5388715
00000156.jpg,warrior2,176.3338777,183.7301381,92.72522775,96.37356694,264.1521263,166.93413
00000157.jpg,warrior2,177.0429089,188.5090454,103.2219419,89.10373462,177.3884773,110.5465312
00000158.jpg,warrior2,174.2726562,167.9152232,77.68732999,78.24542936,233.0263186,168.9266534
00000160.jpg,warrior2,167.8893945,180.9430561,66.53258753,89.18943828,150.74008,154.6492012
00000162.jpg,warrior2,173.0496328,184.7758013,105.5701125,89.43669722,251.5631707,177.0152624
00000165.jpg,warrior2,177.0429089,188.5090454,103.2219419,89.10373462,177.3884773,110.5465312
00000166.jpg,warrior2,306.9441472,52.79725883,34.65357359,31.78482328,180.8772599,115.5223432
00000167.jpg,warrior2,170.896201,188.8251025,94.20637421,92.75578634,241.3886024,166.3250514
00000168.jpg,warrior2,176.3338777,183.7301381,92.72522775,96.37356694,264.1521263,166.93413
00000170.jpg,warrior2,172.4901183,181.1760569,80.68480175,103.7571551,182.920438,81.40580257
00000171.jpg,warrior2,173.8930178,176.1766634,102.2562852,87.55360998,236.8202216,164.5388715
00000173.jpg,warrior2,178.4928057,162.6525389,102.1185638,105.1160199,214.1547225,172.9226115
00000174.jpg,warrior2,172.1591391,189.7920489,76.08515072,86.95617057,181.3711623,109.1291885
00000178.jpg,warrior2,171.871885,189.5158105,91.48143041,86.93589063,224.3682624,184.8238542
00000179.jpg,warrior2,198.1630981,186.3868599,196.5003295,160.7160571,166.0014329,98.33550084
00000180.jpg,warrior2,180.1559473,167.1676744,233.1714966,291.0929759,180.0885444,96.40394939
00000181.jpg,warrior2,163.5521675,205.1407772,30.57985675,188.4243369,190.7408151,104.4115128
00000184.png,warrior2,152.5946064,169.2356082,116.9213217,68.86208572,195.0200141,223.523568
00000186.jpg,warrior2,171.1731613,170.8758174,158.2541802,208.6337229,249.9710673,192.9569545
00000187.jpg,warrior2,187.286439,187.3902394,97.18699303,99.08736068,179.4554748,103.8857437
00000188.jpg,warrior2,157.8929643,167.3078971,74.96803138,107.3690729,166.0767341,120.0868495
00000189.jpg,warrior2,169.796508,198.2046224,34.89051991,163.8180397,202.3910967,102.8498029
00000190.jpg,warrior2,203.1650483,176.2645185,108.7893964,110.0614568,122.9424862,150.5075743
00000191.jpg,warrior2,178.9541781,182.2930224,93.7437154,102.2842109,185.7293789,119.1112795
00000192.jpg,warrior2,154.1951199,189.9313746,88.06772504,90.46800545,246.9107442,190.7215424
00000193.jpg,warrior2,183.50303,184.1922452,97.30875357,96.94066566,242.2745106,164.458812
00000194.jpg,warrior2,179.5809775,185.3848942,69.26525035,84.3657707,172.4873989,115.5338993
00000195.jpeg,warrior2,207.4161461,178.7287785,105.0264872,96.92849675,173.2198666,99.37695009
00000196.jpg,warrior2,165.6488006,186.0995152,95.40095901,97.34473227,248.1228464,165.4215806
00000198.jpg,warrior2,171.1731613,170.8758174,158.2541802,208.6337229,249.9710673,192.9569545
00000199.jpg,warrior2,157.8929643,167.3078971,74.96803138,107.3690729,166.0767341,120.0868495
00000200.jpg,warrior2,169.796508,198.2046224,34.89051991,163.8180397,202.3910967,102.8498029
00000202.jpg,warrior2,178.9541781,182.2930224,93.7437154,102.2842109,185.7293789,119.1112795
00000203.jpg,warrior2,187.286439,187.3902394,97.18699303,99.08736068,179.4554748,103.8857437
00000204.jpg,warrior2,183.50303,184.1922452,97.30875357,96.94066566,242.2745106,164.458812
00000205.jpg,warrior2,154.1951199,189.9313746,88.06772504,90.46800545,246.9107442,190.7215424
00000206.jpg,warrior2,179.5809775,185.3848942,69.26525035,84.3657707,172.4873989,115.5338993
00000207.jpeg,warrior2,207.4161461,178.7287785,105.0264872,96.92849675,173.2198666,99.37695009
00000208.jpg,warrior2,165.6488006,186.0995152,95.40095901,97.34473227,248.1228464,165.4215806
00000209.JPG,warrior2,185.841505,163.2262009,281.4570376,270.4430557,199.8052888,232.7018658
00000210.jpg,warrior2,183.6765475,168.967372,255.8525499,270.1706913,176.4020114,159.7923386
00000211.jpg,warrior2,157.8770531,184.1698463,12.20923128,132.0307874,170.6288074,113.0415248
00000212.jpg,warrior2,190.3683773,177.4159113,89.12399571,99.66499695,170.5550946,122.040978
00000213.jpg,warrior2,183.0712606,171.8069203,102.0147103,71.46729261,218.2563528,240.3441126
00000214.jpg,warrior2,200.0300375,136.3759948,267.9100561,267.2863715,121.5353946,135.5312689
00000215.jpg,warrior2,179.6271875,173.8779229,90.34051203,92.71299942,246.8453109,159.0960401
00000216.jpg,warrior2,186.947755,194.1999648,101.763272,82.35702456,170.6827602,116.8157344
00000217.jpg,warrior2,179.8207712,182.7342818,109.8263509,103.4894028,255.5161156,167.1737945
00000218.jpg,warrior2,174.6354472,187.4764391,89.34208521,85.22618303,255.7797533,170.307116
00000219.jpg,warrior2,172.7215594,174.8944424,78.6235414,111.3087281,180.2729549,106.9126664
00000220.jpg,warrior2,180.1903838,186.3011676,90.68974174,96.04724614,177.3682776,118.197097
00000221.jpg,warrior2,178.4442139,183.526138,99.65880197,88.96650589,232.3648866,168.6810482
00000222.jpg,warrior2,175.2661692,187.8377047,94.63918068,96.6493202,240.4496721,175.0385168
00000223.jpg,warrior2,182.0893601,180.5206399,185.5331074,180.1810032,151.8298269,119.9607129
00000225.jpg,warrior2,183.5063871,180.0788924,274.5881773,239.9062666,182.4541787,264.6176691
00000226.jpg,warrior2,171.1291957,179.7258775,92.82993234,103.7058945,279.9301758,173.8274544
00000227.jpg,warrior2,192.2608404,181.9823884,99.85351034,97.88709426,191.5076096,104.8410593
00000228.jpg,warrior2,173.6820521,191.828093,83.55203694,91.47413419,177.3537506,128.6076825
00000231.jpg,warrior2,177.7223405,173.1969278,50.97364316,192.3753851,178.947468,119.9537442
00000233.jpg,warrior2,183.1724611,177.8058462,84.04985271,104.8952174,177.177667,117.515227
00000234.jpg,warrior2,186.0838622,181.5678082,93.51493082,100.0124376,187.1407575,101.4318688
00000235.jpg,warrior2,185.1936315,172.2844134,99.24568185,110.2568849,141.2156664,162.6601025
00000236.jpg,warrior2,173.9585181,179.1709491,95.10716978,88.49772348,244.5761555,167.0771845
00000237.jpg,warrior2,152.6993238,154.310336,161.5307991,205.0354955,224.7759924,258.7346462
00000238.jpg,warrior2,181.472633,173.8118813,99.97644538,99.43692504,242.0591758,175.1234736
00000239.jpg,warrior2,172.1591391,189.7920489,76.08515072,86.95617057,181.3711623,109.1291885
00000240.jpg,warrior2,168.6612015,166.3192852,163.5855585,198.8762067,189.2688706,191.734848
00000241.jpg,warrior2,180.4068918,180.6741488,257.0813083,260.4253146,130.4349589,153.1661751
00000243.jpg,warrior2,176.1795437,172.7999667,68.02782292,118.7235575,191.0058477,128.6558323
00000244.jpg,warrior2,191.1638086,179.7657964,100.4096921,106.0952218,193.4910645,103.3043278
00000245.jpg,warrior2,196.9870109,177.848589,193.3821758,167.6698879,111.3494741,138.8000732
00000247.jpg,warrior2,179.6271875,173.8779229,90.34051203,92.71299942,246.8453109,159.0960401
00000248.jpg,warrior2,178.3194371,189.3953205,18.72741669,338.8056331,152.919925,165.3797849
00000249.jpg,warrior2,177.6830145,191.6066225,79.01988943,96.92148152,184.8612875,109.0150424
00000250.png,warrior2,183.5857408,189.6436557,109.3036648,88.53733689,160.3770611,179.6764029
00000251.jpg,warrior2,181.0779577,180.0220584,91.40825785,101.3918373,186.0752282,100.5235209
00000253.jpg,warrior2,184.5308079,185.4552556,103.082807,91.927904,189.2063508,117.1363554
00000254.jpg,warrior2,152.6993238,154.310336,161.5307991,205.0354955,224.7759924,258.7346462
00000255.jpg,warrior2,182.4401,177.114305,87.43803439,104.3037221,245.3871795,168.4833388
00000256.jpg,warrior2,181.7057105,180.2929561,101.1698705,102.4280479,173.5062232,130.3147777
00000257.jpg,warrior2,175.8355935,186.148379,94.89889849,94.43254591,249.6628781,175.1037315
00000258.jpg,warrior2,169.6268481,175.9648826,181.8463649,54.19881233,250.9958536,197.2846132
00000259.jpg,warrior2,178.1142333,190.2688812,93.88837273,83.78155035,237.7938303,172.1604229
00000260.jpg,warrior2,189.8850712,182.9609479,190.5807297,174.2111215,146.4246613,120.1646966
00000264.jpg,warrior2,187.8521866,176.5100162,92.19538912,103.1273797,184.9246261,113.3376828
00000265.jpg,warrior2,188.8055887,183.3832253,96.30060548,94.8449146,171.9650236,109.9277513
00000266.jpg,warrior2,159.2893644,231.1431533,101.7380141,40.63219905,205.7405593,175.0879728
00000267.jpg,warrior2,198.7055706,183.6818413,102.9395681,95.4898921,179.2816206,124.4808177
00000268.jpg,warrior2,197.5718747,180.3413845,95.24924823,104.2937195,159.4383023,97.18160014
00000269.jpg,warrior2,184.6684769,165.2689602,263.3949811,271.4457466,146.641699,158.2868995
00000271.jpg,warrior2,264.7143214,193.5451637,277.825066,132.6643458,133.9171027,152.8831648
00000272.jpg,warrior2,164.295038,180.6439206,177.8211384,194.610464,240.4544752,71.99787654
00000274.jpg,warrior2,154.1951199,189.9313746,88.06772504,90.46800545,246.9107442,190.7215424
00000275.jpg,warrior2,177.484567,177.1629343,155.8061737,208.2484805,247.5646904,184.8546872
00000278.jpg,warrior2,184.2102941,195.0168063,83.59895429,276.5331535,170.2309319,167.6507683
00000279.jpg,warrior2,171.1731613,170.8758174,158.2541802,208.6337229,249.9710673,192.9569545
00000281.PNG,warrior2,189.6998058,173.4947088,167.3088417,194.3994982,164.300929,75.52595882
00000283.jpg,warrior2,177.9227691,198.6301955,37.43606582,190.8246293,189.7043699,113.7311141
00000284.jpg,warrior2,177.0714858,195.0238425,94.77566521,85.32515394,176.1830845,133.0050864
00000285.jpg,warrior2,194.4515026,185.8120614,97.59136469,99.38176995,186.3242842,111.4031086
00000286.jpg,warrior2,186.0838622,181.5678082,93.51493082,100.0124376,187.1407575,101.4318688
00000287.png,warrior2,125.8889329,191.1207212,68.12052787,105.3112572,118.3829433,140.6060402
00000289.jpg,warrior2,189.3825134,184.167023,188.599202,165.3952479,157.2361303,109.1247279
00000290.jpg,warrior2,186.9090718,185.1295044,88.5796159,96.79539558,182.5659588,96.38023
00000291.jpg,warrior2,182.7515082,184.4406051,91.21448196,108.623671,158.6128482,169.3443753
00000293.jpg,warrior2,181.0779577,180.0220584,91.40825785,101.3918373,186.0752282,100.5235209
00000294.jpg,warrior2,185.7593061,185.9774548,193.2309228,161.967562,165.1544586,117.1073488
00000295.jpg,warrior2,196.9870109,177.848589,193.3821758,167.6698879,111.3494741,138.8000732
00000296.jpg,warrior2,163.7029998,188.4802552,51.67000661,193.1977659,183.3282813,115.7818939
00000297.jpg,warrior2,181.472633,173.8118813,99.97644538,99.43692504,242.0591758,175.1234736
00000298.jpg,warrior2,33.16542397,190.1133654,47.09306775,102.4653924,169.013182,124.5730161
00000299.jpg,warrior2,179.5384099,174.5316715,99.6481089,101.9892316,247.1951819,168.3571184
00000300.jpg,warrior2,191.1638086,179.7657964,100.4096921,106.0952218,193.4910645,103.3043278
00000301.jpg,warrior2,197.8049089,186.4146947,197.8841976,168.172243,178.0966224,169.786174
00000302.jpg,warrior2,152.4649757,193.2994017,70.77267301,93.83431573,174.0217668,128.3702981
00000303.jpg,warrior2,171.1525659,182.681852,98.26355104,92.11466633,240.7430721,201.6048867
00000307.jpg,warrior2,183.1724611,177.8058462,84.04985271,104.8952174,177.177667,117.515227
00000309.jpg,warrior2,3.031181886,190.4551956,127.3378342,89.2025707,178.8025291,114.1330909
00000310.jpg,warrior2,162.9526069,175.4027202,39.34808863,174.1108681,178.3898122,129.9372975
00000311.jpg,warrior2,182.688251,178.9013648,97.61340237,106.3372477,351.9342462,23.74200956
00000312.jpg,warrior2,186.38958,190.6313508,96.43830282,105.3937998,175.4131098,136.9641493
00000313.jpg,warrior2,178.6915368,176.0479229,347.5346241,53.58541027,88.28113944,80.63253738
00000314.jpg,warrior2,193.8663072,185.6929107,195.8113338,168.3404811,179.9956156,164.7637963
00000315.jpg,warrior2,180.8724541,187.1845571,104.2497343,89.29188153,226.2276489,163.4799527
00000317.jpg,warrior2,174.5861085,195.5607566,93.91744552,86.18105314,183.2745925,112.7051948
00000318.jpg,warrior2,192.2608404,181.9823884,99.85351034,97.88709426,191.5076096,104.8410593
00000319.jpg,warrior2,189.5437254,190.1738854,97.06297901,98.67958836,285.0847797,34.50624218
00000320.jpg,warrior2,173.2878463,190.2066658,92.66044473,88.68232286,233.722186,178.4926061
00000321.jpg,warrior2,160.4490711,162.4329424,150.4413849,204.8931191,262.1872643,218.3492843
00000322.jpg,warrior2,196.6369575,178.1765251,115.0630347,101.6699941,176.1159687,115.5516222
00000323.jpg,warrior2,163.7029998,188.4802552,51.67000661,193.1977659,183.3282813,115.7818939
00000324.jpg,warrior2,182.688251,178.9013648,97.61340237,106.3372477,351.9342462,23.74200956
00000325.jpg,warrior2,171.1525659,182.681852,98.26355104,92.11466633,240.7430721,201.6048867
00000326.jpg,warrior2,325.9552894,41.78764798,349.5860635,8.856789356,189.0371261,170.9854265
00000327.jpg,warrior2,207.4762998,204.1045705,324.7432892,25.34445248,158.9215477,112.2095717
00000328.jpg,warrior2,191.1638086,179.7657964,100.4096921,106.0952218,193.4910645,103.3043278
00000329.jpg,warrior2,164.3414977,191.6305204,169.3900589,161.8258172,168.9973655,120.5131232
00000331.png,warrior2,170.0239437,192.1635201,95.74834734,91.77005861,247.3294217,167.5341104
00000332.jpg,warrior2,185.7593061,185.9774548,193.2309228,161.967562,165.1544586,117.1073488
00000333.jpg,warrior2,155.0656493,154.0316434,172.2028173,183.1540456,238.0996872,208.2249071
00000334.jpg,warrior2,186.2474848,194.282527,87.53735524,95.35355592,186.6767874,121.558368
00000335.jpg,warrior2,174.5861085,195.5607566,93.91744552,86.18105314,183.2745925,112.7051948
00000336.jpg,warrior2,186.3070723,176.1949066,95.70160491,107.3382524,189.0980975,125.6606379
00000337.jpg,warrior2,176.5373255,182.8168289,78.85263014,81.86298959,167.1174869,146.5620278
00000338.jpg,warrior2,206.4847904,182.4857678,210.4787089,158.1735949,130.0172952,140.3263087
00000339.jpg,warrior2,173.8068515,179.4877065,107.15535,83.40235292,245.5181055,179.8128821
00000341.jpg,warrior2,190.7075901,176.0342971,175.6289756,191.5088831,166.9521951,114.08434
00000342.jpg,warrior2,166.3330566,166.6105751,164.3807395,192.9025647,176.3699304,187.8776021
00000343.jpg,warrior2,175.460414,175.6658232,161.9255287,200.5384655,261.4650527,176.9723052
00000345.jpg,warrior2,180.4690676,192.6922787,93.40746176,88.80428783,138.1510686,134.4800995
00000346.jpg,warrior2,177.0714858,195.0238425,94.77566521,85.32515394,176.1830845,133.0050864
00000347.jpg,warrior2,163.7700764,200.9999897,84.37049343,101.1533568,126.9824798,171.4774447
00000348.jpg,warrior2,189.1091663,185.4569738,105.0761446,93.35825127,181.4128454,108.2454749
00000349.jpg,warrior2,177.6786206,195.6053927,115.5004446,58.08659151,260.1800474,24.65637505
00000351.jpg,warrior2,167.3145227,196.2129665,79.99889264,109.9798532,180.3262132,131.0453368
00000352.jpg,warrior2,177.2672584,191.1287432,107.3228242,91.269309,249.0718305,176.8781962
00000353.jpg,warrior2,191.3412149,186.1212518,114.1678776,83.45707391,250.1370055,185.729356
00000355.jpg,warrior2,181.8441705,200.6211005,98.29604256,94.47583935,179.7364895,119.7817554
00000358.jpg,warrior2,183.9828171,170.1362115,269.7006592,263.801382,205.0636963,239.3339954
00000359.jpg,warrior2,188.0070466,189.1004698,95.04859354,93.04078048,160.6868444,109.1442382
00000360.jpg,warrior2,189.4613891,171.123469,93.14028207,105.8450085,177.3800348,129.2034921
00000361.jpg,warrior2,185.3197847,166.0024062,100.9190186,123.1767061,29.7451408,43.9095107
00000365.jpg,warrior2,170.3970087,167.8276818,170.1819239,192.1235138,244.0100834,192.1941204
00000366.jpg,warrior2,155.9224747,201.2210384,94.47311612,57.91388154,165.9339417,147.515316
00000367.jpg,warrior2,188.8191342,160.9487625,297.6832188,155.2040007,218.6737828,275.2250898
00000368.jpg,warrior2,180.0571485,169.5406081,99.74816384,113.0102208,196.9347804,113.4092682
00000369.jpg,warrior2,193.3289401,157.7561466,329.0789765,273.6469583,144.1543539,176.1156424
00000370.jpg,warrior2,185.3197847,166.0024062,100.9190186,123.1767061,29.7451408,43.9095107
00000372.jpg,warrior2,183.5710702,175.2537841,98.69513925,106.0544741,161.5363379,76.3978454
00000374.jpg,warrior2,199.3222259,186.1378856,194.830978,166.3258215,157.3560666,67.40391455
00000375.jpg,warrior2,189.4613891,171.123469,93.14028207,105.8450085,177.3800348,129.2034921
00000376.jpg,warrior2,188.0070466,189.1004698,95.04859354,93.04078048,160.6868444,109.1442382
00000377.png,warrior2,186.0986209,189.1732166,98.87890527,97.13780306,185.7952178,120.1860375
00000381.jpg,warrior2,184.6684769,165.2689602,263.3949811,271.4457466,146.641699,158.2868995
00000382.jpg,warrior2,189.20943,181.9184893,110.025944,65.52375973,215.5093848,166.5305596
00000383.jpg,warrior2,200.9711131,181.7405344,114.6427136,95.79636176,202.2206396,150.0064508
00000384.jpg,warrior2,184.7383107,184.4806187,102.926051,97.74426649,184.4050097,118.2884933
00000385.jpg,warrior2,173.8955484,190.3649416,90.83992245,89.8661461,265.509021,170.6947821
00000387.jpg,warrior2,187.1375621,187.1688155,99.75813222,83.6187551,185.7008487,121.7571483
00000389.jpg,warrior2,197.5718747,180.3413845,95.24924823,104.2937195,159.4383023,97.18160014
00000390.jpg,warrior2,189.8543239,189.7117961,94.02512791,100.2349904,172.7040415,101.7505046
00000391.jpg,warrior2,196.2802866,190.0656954,186.4336442,173.5635619,167.0393012,104.953054
00000393.jpg,warrior2,174.7634962,197.0209184,99.09418044,84.45356869,175.9298853,139.7266184
00000394.jpg,warrior2,183.3883806,189.3998127,89.10170479,91.77053998,180.3358735,109.6875084
00000395.jpg,warrior2,175.3117888,179.4877897,257.771752,260.9211753,120.0472509,168.9134681
00000396.jpg,warrior2,145.0321134,190.8742841,32.18363022,108.5749598,196.8574038,135.2412435
00000397.jpg,warrior2,195.7065931,180.7572011,288.448309,258.257901,202.4717037,181.5592827
00000400.jpg,warrior2,174.7634962,197.0209184,99.09418044,84.45356869,175.9298853,139.7266184
00000401.jpg,warrior2,183.3883806,189.3998127,89.10170479,91.77053998,180.3358735,109.6875084
00000402.jpg,warrior2,195.7065931,180.7572011,288.448309,258.257901,202.4717037,181.5592827
00000406.jpg,warrior2,175.3117888,179.4877897,257.771752,260.9211753,120.0472509,168.9134681
00000407.jpg,warrior2,145.0321134,190.8742841,32.18363022,108.5749598,196.8574038,135.2412435
00000408.jpg,warrior2,173.8776184,184.0047158,81.85762829,94.38602783,192.468462,126.3397921
00000410.jpg,warrior2,188.6874445,183.9109042,172.6508168,187.5983599,161.5897427,94.02179989
00000412.jpg,warrior2,192.7926889,188.8873558,93.55044704,99.70950187,182.4001347,109.5748757
00000413.jpg,warrior2,192.599349,183.9889825,194.8992796,172.2011394,167.8491843,167.9097932
00000414.jpg,warrior2,187.4915862,182.5772564,96.96891416,102.8916083,196.8836437,112.3780731
00000416.png,warrior2,189.0388984,186.7892579,95.4027892,91.0818535,164.3401616,102.9776908
00000418.jpg,warrior2,186.006348,180.7707088,85.56328354,92.53596186,185.4885256,119.8858473
00000419.jpg,warrior2,176.2750766,189.6925492,93.37434972,89.44630399,243.3303948,167.3382634
00000420.jpg,warrior2,177.6849143,175.2324323,262.6123815,267.5761154,136.319708,122.7398183
00000421.jpg,warrior2,195.6135783,179.1629272,166.667194,304.313829,136.776147,182.4399285
00000423.jpg,warrior2,175.0452801,183.4771029,94.61913668,90.93178121,290.5070509,77.89741392
00000425.jpg,warrior2,170.2393313,190.456911,89.0241721,89.79480448,224.0653305,166.1898572
00000426.jpg,warrior2,200.1801393,133.3311632,272.8433437,281.1108627,200.9431373,253.3249877
00000427.jpg,warrior2,154.9923628,182.356886,188.022867,36.61512265,251.7817237,180.5017687
00000428.jpg,warrior2,181.3834059,171.4985841,274.9913576,264.0715474,182.4321725,238.1663809
00000429.jpg,warrior2,170.8599008,163.4735001,168.31146,336.9612561,255.1296801,172.6587775
00000430.jpg,warrior2,208.463708,188.3769424,108.8855004,96.9385936,258.9098515,131.4503505
00000431.jpg,warrior2,190.4427364,185.5537417,100.0705731,85.85278641,164.8162775,115.6367581
00000432.png,warrior2,147.2821818,179.1365543,101.0580556,86.78536318,171.1295363,142.8947352
00000433.jpg,warrior2,127.6074609,204.2119964,56.16673331,55.77673912,177.3742044,130.6561893
00000434.jpg,warrior2,175.9739947,173.8791981,95.59001492,108.8358425,115.420502,180.6733944
00000436.jpg,warrior2,183.7477429,169.2243921,93.35884223,115.1927967,179.5055846,109.6815458
00000437.jpg,warrior2,188.2741487,184.9356502,94.33486811,102.9153236,188.7117393,109.9015054
00000438.jpg,warrior2,191.2925203,161.4239825,277.6581856,270.659558,214.4516766,186.9836846
